DATE,CLOSE,TICKER,OPEN,HIGH,LOW,VOLUME
29/12/2017,133.00,RAL,130.40,133.00,130.40,6250.00
28/12/2017,133.00,RAL,131.10,134.90,131.10,10320.00
27/12/2017,133.00,RAL,135.00,135.00,132.00,3460.00
26/12/2017,132.50,RAL,135.00,135.00,130.10,13290.00
25/12/2017,132.00,RAL,134.20,136.00,132.00,7170.00
22/12/2017,137.50,RAL,136.00,137.50,135.00,1720.00
21/12/2017,137.70,RAL,135.00,138.00,135.00,480.00
20/12/2017,136.00,RAL,138.00,139.00,136.00,4090.00
19/12/2017,139.80,RAL,138.00,139.90,137.70,1820.00
18/12/2017,139.80,RAL,140.90,140.90,137.10,1970.00
15/12/2017,139.10,RAL,137.00,139.40,136.00,3060.00
14/12/2017,139.50,RAL,136.00,139.90,136.00,10220.00
13/12/2017,139.90,RAL,139.00,140.00,139.00,460.00
12/12/2017,137.50,RAL,137.50,137.50,136.00,6000.00
11/12/2017,138.00,RAL,139.90,139.90,135.00,15380.00
08/12/2017,138.70,RAL,138.00,139.00,137.50,7310.00
07/12/2017,138.00,RAL,139.00,139.00,136.00,1950.00
06/12/2017,138.00,RAL,136.00,138.00,136.00,1250.00
05/12/2017,136.00,RAL,136.40,139.70,136.00,12830.00
04/12/2017,135.80,RAL,140.00,140.00,135.80,27570.00
01/12/2017,140.00,RAL,140.90,140.90,138.70,7890.00
30/11/2017,140.80,RAL,139.00,140.90,139.00,9530.00
29/11/2017,140.00,RAL,140.00,140.90,139.00,13170.00
28/11/2017,140.80,RAL,141.00,141.00,139.90,1800.00
27/11/2017,141.00,RAL,142.00,142.00,138.50,8630.00
24/11/2017,140.00,RAL,142.50,142.50,139.40,20730.00
23/11/2017,143.00,RAL,142.90,144.00,140.50,8900.00
22/11/2017,143.00,RAL,140.00,144.00,139.00,17560.00
21/11/2017,140.00,RAL,140.00,140.00,138.60,8310.00
20/11/2017,139.50,RAL,139.00,139.70,138.00,2920.00
17/11/2017,139.50,RAL,139.20,139.90,137.60,9800.00
16/11/2017,139.30,RAL,138.40,140.40,138.00,6590.00
15/11/2017,138.40,RAL,140.00,141.60,136.20,24510.00
14/11/2017,138.00,RAL,137.10,141.00,137.10,17180.00
13/11/2017,141.00,RAL,139.50,141.00,137.50,17280.00
10/11/2017,139.50,RAL,139.50,140.20,138.00,9400.00
09/11/2017,139.50,RAL,140.80,140.80,137.00,13670.00
08/11/2017,139.00,RAL,138.70,141.00,138.00,6510.00
07/11/2017,141.00,RAL,142.80,142.80,138.00,3170.00
06/11/2017,141.00,RAL,137.00,144.50,137.00,16530.00
03/11/2017,136.00,RAL,138.00,138.00,136.00,11220.00
02/11/2017,137.00,RAL,136.00,137.90,135.10,17700.00
01/11/2017,136.00,RAL,135.10,136.00,134.00,26750.00
31/10/2017,135.10,RAL,137.90,137.90,135.00,10260.00
30/10/2017,136.00,RAL,135.10,138.00,135.10,25680.00
27/10/2017,135.10,RAL,139.50,140.00,135.10,8780.00
26/10/2017,138.00,RAL,135.60,141.00,135.60,47130.00
25/10/2017,135.50,RAL,134.10,136.40,134.10,9720.00
24/10/2017,134.10,RAL,135.50,138.00,134.00,41500.00
23/10/2017,134.00,RAL,127.00,135.00,126.00,53360.00
20/10/2017,127.00,RAL,127.60,127.60,122.00,11690.00
19/10/2017,125.40,RAL,125.90,125.90,124.00,9250.00
18/10/2017,125.00,RAL,122.00,128.00,122.00,32800.00
17/10/2017,122.90,RAL,122.60,123.00,121.00,8980.00
16/10/2017,122.40,RAL,124.00,126.00,122.40,2120.00
13/10/2017,123.70,RAL,123.00,124.50,121.00,920.00
12/10/2017,121.00,RAL,122.50,123.00,120.30,7270.00
11/10/2017,124.50,RAL,123.00,125.00,118.00,2210.00
10/10/2017,125.00,RAL,125.80,125.80,123.00,950.00
09/10/2017,126.00,RAL,122.70,130.50,122.70,3750.00
06/10/2017,122.00,RAL,123.70,123.70,122.00,2090.00
05/10/2017,123.50,RAL,123.90,123.90,123.50,2090.00
04/10/2017,123.40,RAL,123.00,123.50,122.00,4170.00
03/10/2017,123.00,RAL,124.00,124.00,122.00,3010.00
02/10/2017,123.90,RAL,125.00,125.00,122.80,8980.00
29/09/2017,123.10,RAL,126.00,126.00,123.10,6630.00
28/09/2017,122.00,RAL,122.50,123.00,122.00,14100.00
27/09/2017,122.50,RAL,124.00,124.00,122.10,560.00
26/09/2017,122.00,RAL,124.90,125.70,122.00,12210.00
25/09/2017,124.90,RAL,123.00,125.50,123.00,9280.00
22/09/2017,124.00,RAL,125.50,125.50,122.30,8500.00
21/09/2017,126.00,RAL,128.00,128.00,125.00,7040.00
20/09/2017,126.90,RAL,125.00,128.00,125.00,10660.00
19/09/2017,125.00,RAL,118.50,125.00,117.90,46840.00
18/09/2017,118.50,RAL,120.00,120.00,117.60,3650.00
15/09/2017,119.00,RAL,117.50,119.50,117.00,9050.00
14/09/2017,117.00,RAL,119.90,119.90,117.00,5450.00
13/09/2017,119.90,RAL,118.00,119.90,116.10,7690.00
12/09/2017,118.00,RAL,117.00,118.70,116.00,5090.00
11/09/2017,119.30,RAL,120.00,120.60,119.30,21270.00
08/09/2017,120.30,RAL,119.90,120.70,119.10,10700.00
07/09/2017,119.00,RAL,115.90,120.00,115.70,18100.00
06/09/2017,115.90,RAL,116.00,116.00,114.80,15690.00
05/09/2017,116.80,RAL,115.10,116.90,115.10,4970.00
01/09/2017,117.00,RAL,115.10,117.50,115.00,21900.00
31/08/2017,115.10,RAL,117.70,118.00,115.10,8780.00
30/08/2017,117.00,RAL,115.00,117.00,115.00,30950.00
29/08/2017,115.00,RAL,117.00,118.00,115.00,23550.00
28/08/2017,116.50,RAL,119.90,120.00,116.50,4570.00
25/08/2017,117.70,RAL,119.80,120.00,117.50,3770.00
24/08/2017,119.60,RAL,120.90,120.90,119.00,4850.00
23/08/2017,120.00,RAL,121.50,122.00,119.40,16810.00
22/08/2017,121.50,RAL,121.50,122.20,119.20,11220.00
21/08/2017,121.50,RAL,122.50,122.50,119.00,19530.00
18/08/2017,121.50,RAL,122.80,122.80,120.00,3770.00
17/08/2017,122.00,RAL,124.00,124.00,122.00,2900.00
16/08/2017,123.00,RAL,123.50,124.00,121.20,8120.00
15/08/2017,122.90,RAL,121.90,124.00,121.50,23500.00
14/08/2017,121.60,RAL,120.00,124.00,120.00,7410.00
11/08/2017,119.70,RAL,119.50,120.90,118.50,10380.00
10/08/2017,119.50,RAL,120.80,120.80,119.00,1170.00
09/08/2017,118.90,RAL,120.00,120.00,117.60,16360.00
08/08/2017,120.90,RAL,121.70,121.80,120.00,17190.00
07/08/2017,120.00,RAL,117.00,120.00,112.20,49060.00
04/08/2017,116.70,RAL,119.00,119.00,115.50,40330.00
03/08/2017,118.00,RAL,121.00,121.00,116.00,83840.00
02/08/2017,120.00,RAL,121.10,122.80,120.00,35770.00
01/08/2017,121.10,RAL,125.00,125.00,121.10,42210.00
31/07/2017,125.00,RAL,122.70,125.50,120.00,47990.00
28/07/2017,122.70,RAL,122.00,123.90,122.00,58350.00
27/07/2017,122.00,RAL,123.50,124.50,120.50,62690.00
26/07/2017,123.40,RAL,122.50,124.90,120.50,64980.00
25/07/2017,122.50,RAL,121.00,125.90,120.50,118430.00
24/07/2017,128.10,RAL,128.40,131.00,128.10,42910.00
21/07/2017,137.70,RAL,147.00,147.00,137.70,70780.00
20/07/2017,148.00,RAL,149.80,149.90,145.00,11440.00
19/07/2017,149.00,RAL,145.00,150.00,145.00,39190.00
18/07/2017,145.10,RAL,143.00,146.40,143.00,20730.00
17/07/2017,145.00,RAL,147.00,147.50,143.50,12620.00
14/07/2017,145.50,RAL,145.00,146.50,145.00,62480.00
13/07/2017,143.90,RAL,137.80,144.00,137.80,47910.00
12/07/2017,136.00,RAL,136.00,136.90,135.10,11700.00
11/07/2017,135.00,RAL,135.50,135.50,134.60,20880.00
10/07/2017,135.00,RAL,135.50,135.50,132.50,10900.00
07/07/2017,135.70,RAL,137.40,137.40,134.20,5800.00
06/07/2017,135.90,RAL,135.00,136.00,134.00,12500.00
05/07/2017,135.50,RAL,134.60,137.00,134.60,10590.00
04/07/2017,134.60,RAL,138.60,138.60,134.60,5540.00
03/07/2017,138.00,RAL,137.00,138.00,136.00,13680.00
30/06/2017,137.70,RAL,137.90,137.90,136.20,17120.00
29/06/2017,137.50,RAL,138.00,138.00,134.50,17740.00
28/06/2017,135.40,RAL,133.60,135.90,133.00,13040.00
27/06/2017,133.60,RAL,137.90,137.90,133.60,14770.00
26/06/2017,135.90,RAL,137.00,137.00,134.10,20090.00
23/06/2017,137.00,RAL,138.80,138.90,134.50,18100.00
22/06/2017,138.80,RAL,138.50,141.00,137.00,15620.00
21/06/2017,138.50,RAL,136.00,138.60,136.00,61380.00
20/06/2017,134.50,RAL,129.80,136.00,129.00,93900.00
19/06/2017,129.80,RAL,128.90,130.90,128.00,20560.00
16/06/2017,127.80,RAL,127.80,129.00,127.00,56880.00
15/06/2017,126.90,RAL,124.00,127.50,124.00,15280.00
14/06/2017,124.50,RAL,125.90,126.00,123.80,16730.00
13/06/2017,124.30,RAL,129.80,129.80,124.10,5870.00
12/06/2017,126.00,RAL,126.00,126.80,125.50,3310.00
09/06/2017,126.00,RAL,125.00,127.00,124.00,21660.00
08/06/2017,125.00,RAL,125.70,125.70,124.00,11060.00
07/06/2017,125.70,RAL,126.00,126.00,124.10,14350.00
06/06/2017,126.00,RAL,126.00,127.00,123.00,10200.00
05/06/2017,126.00,RAL,130.00,130.00,124.00,4330.00
02/06/2017,128.40,RAL,126.10,128.40,122.00,75050.00
01/06/2017,126.10,RAL,128.00,129.00,126.10,20800.00
31/05/2017,127.90,RAL,127.00,128.00,124.00,36410.00
30/05/2017,128.00,RAL,130.50,131.00,128.00,56870.00
29/05/2017,130.50,RAL,131.00,133.00,130.50,28540.00
26/05/2017,133.00,RAL,133.00,133.00,129.90,15830.00
25/05/2017,133.00,RAL,135.00,136.00,132.50,19760.00
24/05/2017,132.50,RAL,133.00,133.30,130.40,24680.00
23/05/2017,129.50,RAL,126.00,134.00,126.00,66990.00
22/05/2017,126.00,RAL,127.20,127.80,125.00,21060.00
19/05/2017,127.20,RAL,127.20,127.60,126.00,17610.00
18/05/2017,127.10,RAL,128.80,128.80,126.30,6570.00
17/05/2017,128.70,RAL,125.00,128.70,125.00,34730.00
16/05/2017,125.00,RAL,127.90,127.90,125.00,18190.00
15/05/2017,127.00,RAL,130.00,130.00,127.00,15530.00
12/05/2017,128.10,RAL,126.00,129.20,126.00,41110.00
11/05/2017,128.00,RAL,131.70,131.90,128.00,30440.00
10/05/2017,129.90,RAL,127.00,130.00,127.00,44120.00
09/05/2017,126.50,RAL,124.00,127.50,123.00,84480.00
08/05/2017,125.40,RAL,128.50,128.50,125.40,33500.00
05/05/2017,130.00,RAL,123.00,130.00,123.00,22110.00
04/05/2017,123.00,RAL,128.00,128.00,123.00,50330.00
03/05/2017,128.00,RAL,132.00,132.00,126.20,37710.00
28/04/2017,130.00,RAL,124.00,130.00,123.10,50270.00
27/04/2017,124.30,RAL,124.70,124.70,120.10,49370.00
26/04/2017,122.50,RAL,120.50,123.00,120.50,32820.00
25/04/2017,120.00,RAL,120.00,125.00,120.00,86750.00
24/04/2017,120.00,RAL,114.00,120.50,114.00,70440.00
21/04/2017,113.00,RAL,113.00,116.00,113.00,25890.00
20/04/2017,113.00,RAL,107.00,114.40,107.00,69550.00
19/04/2017,107.00,RAL,105.00,107.50,105.00,27950.00
18/04/2017,105.00,RAL,103.50,105.00,101.00,23440.00
17/04/2017,103.50,RAL,104.00,104.80,103.00,35280.00
14/04/2017,103.90,RAL,102.00,103.90,100.00,26820.00
13/04/2017,103.00,RAL,103.10,104.10,102.00,14840.00
12/04/2017,103.10,RAL,104.50,104.50,101.10,14510.00
11/04/2017,104.50,RAL,104.00,105.90,104.00,27990.00
10/04/2017,103.00,RAL,103.00,103.50,102.50,12740.00
07/04/2017,103.00,RAL,103.80,104.50,102.30,9220.00
05/04/2017,104.00,RAL,105.00,105.50,103.80,18520.00
04/04/2017,105.90,RAL,105.00,106.50,105.00,22510.00
03/04/2017,106.60,RAL,103.50,107.50,103.40,41900.00
31/03/2017,103.50,RAL,103.00,105.30,102.50,53630.00
30/03/2017,101.90,RAL,101.20,102.00,100.00,11870.00
29/03/2017,101.20,RAL,100.50,101.20,100.00,12520.00
28/03/2017,101.20,RAL,102.00,102.00,100.00,9070.00
27/03/2017,101.80,RAL,102.20,102.80,100.10,7750.00
24/03/2017,103.30,RAL,102.30,103.50,102.20,3890.00
23/03/2017,102.30,RAL,102.50,102.50,102.00,2360.00
22/03/2017,101.50,RAL,103.50,104.10,101.50,12600.00
21/03/2017,104.00,RAL,102.00,105.00,102.00,38390.00
20/03/2017,102.00,RAL,102.00,103.00,101.00,13380.00
17/03/2017,102.00,RAL,101.60,102.50,101.20,5830.00
16/03/2017,102.00,RAL,103.90,103.90,101.10,6280.00
15/03/2017,103.50,RAL,103.00,103.50,102.00,8850.00
14/03/2017,103.50,RAL,102.60,103.50,102.00,13450.00
13/03/2017,102.60,RAL,99.90,103.00,99.90,19890.00
10/03/2017,100.00,RAL,102.00,102.00,98.10,11290.00
09/03/2017,101.70,RAL,99.00,103.00,98.00,17320.00
08/03/2017,99.00,RAL,104.80,104.80,98.10,11800.00
07/03/2017,102.00,RAL,98.00,102.90,98.00,28790.00
06/03/2017,97.00,RAL,98.00,99.90,96.00,28970.00
03/03/2017,98.00,RAL,97.40,98.00,96.00,11330.00
02/03/2017,98.00,RAL,96.90,98.00,96.00,8720.00
01/03/2017,96.90,RAL,96.60,97.00,96.00,12030.00
28/02/2017,96.90,RAL,96.50,98.00,96.50,17120.00
27/02/2017,96.50,RAL,99.50,99.50,96.50,21800.00
24/02/2017,99.60,RAL,99.80,99.90,98.00,9000.00
23/02/2017,99.70,RAL,99.50,99.70,99.00,1520.00
22/02/2017,99.20,RAL,100.00,100.50,99.00,10580.00
21/02/2017,101.70,RAL,102.00,102.00,100.00,9860.00
20/02/2017,102.00,RAL,99.90,102.00,98.50,19750.00
17/02/2017,99.90,RAL,99.10,100.00,98.60,12440.00
16/02/2017,100.50,RAL,102.00,102.00,98.00,22940.00
15/02/2017,101.50,RAL,102.40,102.50,101.00,9390.00
14/02/2017,102.40,RAL,103.60,104.50,101.00,20650.00
13/02/2017,103.50,RAL,98.50,104.70,98.50,44580.00
10/02/2017,97.90,RAL,98.00,98.50,97.00,10820.00
09/02/2017,98.00,RAL,97.50,99.00,97.00,20070.00
08/02/2017,97.50,RAL,95.00,100.00,94.20,28720.00
07/02/2017,94.00,RAL,90.00,94.00,90.00,13540.00
06/02/2017,91.00,RAL,93.00,93.00,88.00,35210.00
03/02/2017,93.00,RAL,94.00,95.00,92.00,12910.00
02/02/2017,94.90,RAL,96.10,96.10,94.00,21120.00
25/01/2017,96.00,RAL,93.20,96.00,92.20,3290.00
24/01/2017,93.20,RAL,94.00,94.30,93.00,12250.00
23/01/2017,94.30,RAL,95.00,95.30,94.00,39200.00
20/01/2017,94.50,RAL,96.00,97.00,93.50,24270.00
19/01/2017,94.90,RAL,95.00,95.00,94.00,3850.00
18/01/2017,94.70,RAL,94.70,94.70,94.00,6300.00
17/01/2017,94.70,RAL,94.80,95.70,94.70,26420.00
16/01/2017,96.90,RAL,97.00,97.00,95.00,8150.00
13/01/2017,97.40,RAL,97.40,97.70,96.00,290.00
12/01/2017,97.40,RAL,97.50,98.00,96.00,1560.00
11/01/2017,97.50,RAL,96.50,97.50,96.30,5970.00
10/01/2017,96.30,RAL,96.90,96.90,95.00,6930.00
09/01/2017,95.50,RAL,98.00,98.00,94.00,3520.00
06/01/2017,98.80,RAL,98.20,99.00,98.00,6660.00
05/01/2017,98.50,RAL,98.00,100.90,95.00,12650.00
04/01/2017,95.50,RAL,96.00,96.80,94.10,3290.00
03/01/2017,97.00,RAL,98.00,98.00,96.00,30.00
30/12/2016,95.90,RAL,94.10,95.90,94.00,4180.00
29/12/2016,96.00,RAL,95.10,97.00,94.10,4300.00
28/12/2016,96.00,RAL,98.00,98.00,94.40,4920.00
27/12/2016,97.00,RAL,98.70,98.70,94.50,370.00
26/12/2016,97.00,RAL,98.00,98.00,94.10,10070.00
23/12/2016,95.00,RAL,100.90,100.90,95.00,8640.00
22/12/2016,99.00,RAL,99.00,99.00,99.00,10.00
21/12/2016,98.00,RAL,98.00,101.50,96.00,1430.00
20/12/2016,98.00,RAL,99.70,99.70,98.00,770.00
19/12/2016,99.60,RAL,99.80,99.80,99.00,770.00
16/12/2016,99.80,RAL,96.00,99.80,96.00,4390.00
15/12/2016,96.00,RAL,97.00,97.00,95.00,1790.00
14/12/2016,96.90,RAL,95.00,96.90,95.00,5820.00
13/12/2016,94.50,RAL,95.00,99.90,94.50,15740.00
12/12/2016,97.50,RAL,99.00,99.00,95.10,5570.00
09/12/2016,98.50,RAL,99.00,99.10,96.90,7940.00
08/12/2016,98.70,RAL,96.90,100.00,95.00,27410.00
07/12/2016,96.90,RAL,100.00,100.00,95.50,44590.00
06/12/2016,100.00,RAL,101.60,103.10,100.00,11400.00
05/12/2016,103.90,RAL,103.70,104.00,102.00,21730.00
02/12/2016,104.00,RAL,104.10,104.10,102.20,1770.00
01/12/2016,104.00,RAL,104.00,104.50,103.00,7820.00
30/11/2016,103.90,RAL,103.00,103.90,102.00,9700.00
29/11/2016,103.00,RAL,104.00,105.00,102.00,16030.00
28/11/2016,104.00,RAL,103.10,105.00,103.00,4830.00
25/11/2016,106.00,RAL,104.50,106.00,103.50,13260.00
24/11/2016,105.70,RAL,105.60,106.40,104.20,4560.00
23/11/2016,105.50,RAL,104.50,105.90,104.50,5780.00
22/11/2016,105.00,RAL,104.50,106.00,104.00,6690.00
21/11/2016,106.00,RAL,105.50,106.00,104.80,10600.00
18/11/2016,106.00,RAL,107.90,107.90,104.30,17300.00
17/11/2016,107.90,RAL,109.20,109.20,105.10,13320.00
16/11/2016,108.50,RAL,109.70,110.00,108.50,6510.00
15/11/2016,108.50,RAL,108.10,109.90,108.10,17030.00
14/11/2016,108.50,RAL,110.50,111.00,108.00,35530.00
11/11/2016,111.80,RAL,113.00,113.00,110.00,26130.00
10/11/2016,113.10,RAL,113.50,115.00,113.00,10860.00
09/11/2016,113.50,RAL,114.00,114.00,108.00,48450.00
08/11/2016,114.00,RAL,110.50,114.60,110.50,37140.00
07/11/2016,110.50,RAL,110.10,111.80,109.70,7600.00
04/11/2016,110.00,RAL,111.00,112.00,110.00,6440.00
03/11/2016,111.00,RAL,110.00,111.10,104.20,38750.00
02/11/2016,112.00,RAL,113.10,114.60,111.90,23070.00
01/11/2016,114.70,RAL,114.60,116.40,113.50,33770.00
31/10/2016,114.60,RAL,112.80,116.50,112.00,30830.00
28/10/2016,112.80,RAL,105.50,112.80,105.50,109740.00
27/10/2016,105.50,RAL,104.00,105.50,104.00,12770.00
26/10/2016,103.80,RAL,103.90,104.00,102.50,17800.00
25/10/2016,104.70,RAL,103.40,105.00,102.00,42410.00
24/10/2016,103.40,RAL,107.10,107.10,103.40,22030.00
21/10/2016,108.00,RAL,108.00,109.80,107.50,29700.00
20/10/2016,108.40,RAL,106.90,109.00,106.90,31710.00
19/10/2016,106.40,RAL,107.00,107.00,105.50,10590.00
18/10/2016,106.00,RAL,105.00,106.50,105.00,20720.00
17/10/2016,105.50,RAL,106.70,106.70,104.80,6990.00
14/10/2016,106.40,RAL,106.40,106.50,105.20,14840.00
13/10/2016,106.40,RAL,102.80,106.40,102.60,11710.00
12/10/2016,103.00,RAL,102.30,104.70,102.30,10460.00
11/10/2016,103.90,RAL,105.90,105.90,102.20,29410.00
10/10/2016,105.40,RAL,105.30,107.00,105.30,10220.00
07/10/2016,106.00,RAL,106.50,106.50,105.10,22250.00
06/10/2016,106.50,RAL,105.00,106.50,105.00,18520.00
05/10/2016,105.00,RAL,106.20,108.00,105.00,63810.00
04/10/2016,106.20,RAL,110.80,110.80,106.20,50050.00
03/10/2016,109.00,RAL,106.80,111.00,106.80,66960.00
30/09/2016,106.80,RAL,104.50,109.00,104.50,37760.00
29/09/2016,104.40,RAL,105.80,106.00,104.00,14070.00
28/09/2016,105.80,RAL,106.00,107.00,104.20,14400.00
27/09/2016,106.00,RAL,101.10,107.00,101.10,58640.00
26/09/2016,101.10,RAL,102.50,102.50,100.90,20700.00
23/09/2016,102.50,RAL,103.50,103.50,101.00,10550.00
22/09/2016,103.50,RAL,102.00,103.80,102.00,50160.00
21/09/2016,102.00,RAL,98.00,102.00,98.00,50140.00
20/09/2016,98.00,RAL,97.00,98.00,95.00,12990.00
19/09/2016,97.00,RAL,98.00,98.00,96.00,4510.00
16/09/2016,97.50,RAL,96.50,97.50,96.00,2310.00
15/09/2016,98.00,RAL,98.00,98.00,96.00,5620.00
14/09/2016,98.00,RAL,97.00,98.00,97.00,1970.00
13/09/2016,97.90,RAL,98.00,98.00,97.50,6570.00
12/09/2016,97.50,RAL,96.00,97.50,96.00,20740.00
09/09/2016,97.00,RAL,97.00,97.50,96.00,6760.00
08/09/2016,97.00,RAL,99.50,100.00,97.00,26870.00
07/09/2016,99.50,RAL,101.00,101.00,98.00,5880.00
06/09/2016,100.00,RAL,100.00,102.00,99.00,20010.00
05/09/2016,100.00,RAL,99.50,100.00,96.00,12290.00
01/09/2016,97.00,RAL,94.00,97.00,94.00,9000.00
31/08/2016,95.00,RAL,94.50,96.00,94.50,18180.00
30/08/2016,95.00,RAL,93.00,95.00,93.00,27370.00
29/08/2016,95.00,RAL,99.50,99.50,94.00,29400.00
26/08/2016,99.50,RAL,98.50,102.00,98.50,6260.00
25/08/2016,101.00,RAL,99.00,101.00,99.00,12990.00
24/08/2016,102.00,RAL,102.00,104.00,99.50,22650.00
23/08/2016,101.00,RAL,100.00,101.00,98.50,20810.00
22/08/2016,100.00,RAL,102.00,102.00,98.00,22890.00
19/08/2016,102.00,RAL,106.00,106.00,101.00,32480.00
18/08/2016,105.00,RAL,107.00,107.00,103.00,34230.00
17/08/2016,108.00,RAL,107.00,108.00,103.00,24020.00
16/08/2016,106.00,RAL,106.00,107.00,104.00,22030.00
15/08/2016,105.00,RAL,100.00,107.00,100.00,52680.00
12/08/2016,100.00,RAL,100.00,102.00,100.00,22170.00
11/08/2016,100.00,RAL,100.00,102.00,99.50,19270.00
10/08/2016,102.00,RAL,102.00,102.00,100.00,23770.00
09/08/2016,102.00,RAL,97.00,102.00,97.00,59840.00
08/08/2016,97.00,RAL,98.00,98.00,93.50,9610.00
05/08/2016,95.00,RAL,92.00,95.00,92.00,4110.00
04/08/2016,94.50,RAL,94.00,97.50,93.00,26060.00
03/08/2016,94.50,RAL,95.00,95.00,94.00,11650.00
02/08/2016,95.00,RAL,97.00,97.00,91.00,21870.00
01/08/2016,97.00,RAL,100.00,100.00,97.00,19430.00
29/07/2016,100.00,RAL,97.00,100.00,96.50,21740.00
28/07/2016,97.00,RAL,101.00,101.00,97.00,44840.00
27/07/2016,95.50,RAL,89.50,95.50,89.00,72260.00
26/07/2016,89.50,RAL,88.50,89.50,87.00,21430.00
25/07/2016,88.50,RAL,88.00,89.50,88.00,38490.00
22/07/2016,87.00,RAL,88.00,88.00,84.00,83690.00
21/07/2016,84.00,RAL,83.00,84.00,82.00,2810.00
20/07/2016,83.00,RAL,82.00,84.00,82.00,6920.00
19/07/2016,83.00,RAL,80.50,85.00,80.00,36890.00
18/07/2016,82.00,RAL,80.50,82.00,80.50,8160.00
15/07/2016,81.00,RAL,80.00,82.00,80.00,3950.00
14/07/2016,81.00,RAL,82.00,84.00,81.00,16070.00
13/07/2016,84.50,RAL,85.00,87.00,83.50,20710.00
12/07/2016,83.00,RAL,82.00,83.00,81.00,34210.00
11/07/2016,82.00,RAL,87.00,87.00,81.00,40130.00
08/07/2016,86.50,RAL,90.00,90.00,86.00,46880.00
07/07/2016,90.00,RAL,89.00,90.50,89.00,37510.00
06/07/2016,90.50,RAL,86.50,91.50,86.50,34490.00
05/07/2016,87.50,RAL,91.50,91.50,87.50,30200.00
04/07/2016,91.50,RAL,89.00,93.00,88.50,42470.00
01/07/2016,89.00,RAL,86.00,89.50,85.50,10750.00
30/06/2016,86.50,RAL,88.50,89.00,85.00,37600.00
29/06/2016,85.00,RAL,79.50,85.00,79.50,113790.00
28/06/2016,79.50,RAL,79.00,79.50,78.50,5210.00
27/06/2016,79.50,RAL,77.00,79.50,76.00,25670.00
24/06/2016,80.00,RAL,80.50,81.00,75.00,36120.00
23/06/2016,80.50,RAL,80.50,83.00,79.50,60980.00
22/06/2016,79.50,RAL,79.00,79.50,77.50,37560.00
21/06/2016,79.00,RAL,78.00,80.00,78.00,23900.00
20/06/2016,78.50,RAL,78.50,79.50,77.50,10670.00
17/06/2016,78.50,RAL,75.00,78.50,75.00,34010.00
16/06/2016,74.50,RAL,72.50,75.00,72.50,36090.00
15/06/2016,73.00,RAL,73.00,73.50,72.50,13840.00
14/06/2016,73.00,RAL,74.00,74.00,72.00,5320.00
13/06/2016,74.00,RAL,72.50,74.00,71.50,8500.00
10/06/2016,73.00,RAL,73.50,74.00,73.00,7840.00
09/06/2016,74.00,RAL,74.00,74.00,72.50,28470.00
08/06/2016,74.50,RAL,74.00,74.50,74.00,36890.00
07/06/2016,74.00,RAL,71.00,75.00,71.00,53340.00
06/06/2016,71.00,RAL,69.50,71.50,69.00,2770.00
03/06/2016,71.00,RAL,72.50,73.00,71.00,5770.00
02/06/2016,72.50,RAL,70.50,72.50,70.50,13510.00
01/06/2016,70.50,RAL,70.50,70.50,70.00,950.00
31/05/2016,70.50,RAL,70.00,70.50,68.50,18580.00
30/05/2016,70.50,RAL,70.00,70.50,70.00,2790.00
27/05/2016,71.00,RAL,70.00,71.00,70.00,420.00
26/05/2016,70.00,RAL,70.00,70.00,70.00,3810.00
25/05/2016,70.50,RAL,70.50,71.00,68.00,16490.00
24/05/2016,71.00,RAL,71.00,71.00,70.50,12380.00
23/05/2016,71.00,RAL,70.50,71.00,70.50,960.00
20/05/2016,71.00,RAL,69.00,71.00,69.00,23880.00
19/05/2016,69.00,RAL,69.00,69.00,67.00,15770.00
18/05/2016,69.00,RAL,69.00,69.50,68.50,9010.00
17/05/2016,70.00,RAL,68.00,70.00,68.00,24130.00
16/05/2016,68.00,RAL,69.50,69.50,67.50,7190.00
13/05/2016,71.00,RAL,71.50,71.50,68.50,6550.00
12/05/2016,72.00,RAL,72.00,72.00,71.00,3820.00
11/05/2016,73.50,RAL,73.50,73.50,73.50,0.00
10/05/2016,73.50,RAL,72.50,73.50,72.00,6720.00
09/05/2016,74.50,RAL,73.00,74.50,73.00,11930.00
06/05/2016,73.50,RAL,72.50,73.50,72.50,1580.00
05/05/2016,73.50,RAL,75.00,75.00,73.50,7810.00
04/05/2016,75.00,RAL,73.50,75.50,73.50,32040.00
29/04/2016,74.00,RAL,73.00,74.00,72.50,5060.00
28/04/2016,73.00,RAL,74.00,75.50,73.00,5380.00
27/04/2016,75.50,RAL,76.00,76.00,73.00,11210.00
26/04/2016,75.50,RAL,77.50,80.00,75.50,11310.00
25/04/2016,78.00,RAL,80.00,80.00,78.00,4300.00
22/04/2016,78.50,RAL,79.50,79.50,78.00,27640.00
21/04/2016,79.50,RAL,80.00,80.00,78.50,14340.00
20/04/2016,80.00,RAL,80.00,80.00,80.00,10.00
19/04/2016,79.00,RAL,75.50,80.50,75.50,17640.00
15/04/2016,79.00,RAL,82.00,82.00,79.00,4310.00
14/04/2016,78.50,RAL,78.00,83.50,78.00,12060.00
13/04/2016,79.50,RAL,80.00,80.00,78.00,9530.00
12/04/2016,80.50,RAL,85.00,85.00,75.50,9810.00
11/04/2016,80.50,RAL,84.00,84.00,80.50,4720.00
08/04/2016,80.00,RAL,78.00,81.00,78.00,46270.00
07/04/2016,77.00,RAL,76.00,77.00,76.00,25620.00
06/04/2016,75.00,RAL,73.50,75.00,73.50,10520.00
05/04/2016,73.50,RAL,73.50,74.00,70.00,5160.00
04/04/2016,74.50,RAL,75.00,75.00,72.50,8290.00
01/04/2016,75.50,RAL,74.50,76.00,74.00,17870.00
31/03/2016,74.50,RAL,74.00,76.00,74.00,9010.00
30/03/2016,76.50,RAL,76.50,76.50,72.00,7330.00
29/03/2016,76.50,RAL,77.00,77.00,75.00,35820.00
28/03/2016,77.00,RAL,75.50,77.00,73.50,30850.00
25/03/2016,76.00,RAL,76.50,76.50,74.00,5820.00
24/03/2016,76.50,RAL,77.50,77.50,76.50,6820.00
23/03/2016,76.00,RAL,75.00,76.00,74.50,28540.00
22/03/2016,75.00,RAL,74.50,75.00,74.50,10160.00
21/03/2016,75.00,RAL,75.00,75.00,75.00,9810.00
18/03/2016,75.00,RAL,73.00,75.50,73.00,17480.00
17/03/2016,74.00,RAL,72.00,75.00,72.00,26010.00
16/03/2016,72.00,RAL,71.50,72.50,71.00,12040.00
15/03/2016,72.00,RAL,72.50,72.50,71.00,12060.00
14/03/2016,72.50,RAL,71.00,72.50,71.00,28820.00
11/03/2016,70.00,RAL,71.00,72.00,70.00,23020.00
10/03/2016,70.00,RAL,68.50,70.00,68.50,7850.00
09/03/2016,70.00,RAL,69.50,70.00,69.00,9920.00
08/03/2016,69.50,RAL,69.00,70.00,68.50,6270.00
07/03/2016,69.00,RAL,68.50,69.00,68.00,16000.00
04/03/2016,68.50,RAL,69.50,70.00,67.50,7150.00
03/03/2016,69.50,RAL,70.00,70.00,69.00,14570.00
02/03/2016,71.50,RAL,67.50,72.00,67.00,33830.00
01/03/2016,67.50,RAL,67.50,67.50,66.50,10520.00
29/02/2016,67.00,RAL,68.00,68.50,66.00,16480.00
26/02/2016,68.50,RAL,67.50,68.50,66.50,16230.00
25/02/2016,67.50,RAL,68.50,69.00,67.50,10470.00
24/02/2016,70.00,RAL,67.50,72.50,67.00,8100.00
23/02/2016,68.00,RAL,68.00,69.00,67.00,51380.00
22/02/2016,69.00,RAL,69.00,70.00,67.50,21820.00
19/02/2016,69.00,RAL,66.50,70.00,66.00,71850.00
18/02/2016,65.50,RAL,64.00,67.00,64.00,8190.00
17/02/2016,64.00,RAL,62.00,65.00,61.50,47860.00
16/02/2016,61.00,RAL,60.00,62.50,60.00,13720.00
15/02/2016,60.00,RAL,60.00,60.00,59.00,6310.00
05/02/2016,59.00,RAL,59.00,59.00,59.00,1900.00
04/02/2016,59.00,RAL,57.00,60.00,57.00,8530.00
03/02/2016,56.50,RAL,57.00,57.00,56.50,3000.00
02/02/2016,57.00,RAL,57.00,57.00,56.50,2650.00
01/02/2016,57.00,RAL,58.00,58.00,57.00,3160.00
29/01/2016,58.00,RAL,58.50,58.50,55.50,18530.00
28/01/2016,55.00,RAL,54.50,55.50,54.50,7550.00
27/01/2016,54.50,RAL,54.00,54.50,53.00,12970.00
26/01/2016,53.50,RAL,53.50,53.50,53.50,3290.00
25/01/2016,53.50,RAL,52.00,55.00,52.00,12200.00
22/01/2016,52.50,RAL,54.00,54.00,52.50,2400.00
21/01/2016,54.00,RAL,54.00,54.00,54.00,8850.00
20/01/2016,54.00,RAL,54.00,54.00,54.00,0.00
19/01/2016,54.00,RAL,54.00,54.00,54.00,1500.00
18/01/2016,53.00,RAL,51.50,53.00,51.00,4100.00
15/01/2016,53.00,RAL,53.00,53.00,53.00,29590.00
14/01/2016,53.00,RAL,53.00,53.00,53.00,4500.00
13/01/2016,53.00,RAL,53.00,53.00,52.50,3450.00
12/01/2016,53.00,RAL,53.00,53.00,53.00,1000.00
11/01/2016,53.00,RAL,52.00,53.00,52.00,2190.00
08/01/2016,52.50,RAL,53.00,53.00,52.50,32020.00
07/01/2016,53.00,RAL,52.00,53.00,52.00,26530.00
06/01/2016,53.50,RAL,53.50,53.50,53.50,1170.00
05/01/2016,53.50,RAL,53.00,53.50,53.00,4500.00
04/01/2016,53.00,RAL,53.00,53.00,53.00,1000.00
31/12/2015,54.50,RAL,53.00,54.50,53.00,1550.00
30/12/2015,53.00,RAL,53.00,53.00,53.00,5060.00
29/12/2015,53.00,RAL,53.00,53.00,53.00,3130.00
28/12/2015,53.00,RAL,52.50,53.50,52.50,3600.00
25/12/2015,54.50,RAL,54.50,54.50,54.50,10.00
24/12/2015,52.50,RAL,52.50,52.50,52.50,200.00
23/12/2015,54.50,RAL,52.00,54.50,52.00,1050.00
22/12/2015,54.00,RAL,53.50,54.00,53.50,7120.00
21/12/2015,53.00,RAL,52.00,53.00,52.00,10800.00
18/12/2015,54.00,RAL,52.50,54.00,52.50,1120.00
17/12/2015,55.00,RAL,53.50,55.00,53.50,6540.00
16/12/2015,53.00,RAL,53.00,53.00,53.00,2090.00
15/12/2015,53.00,RAL,53.00,53.00,53.00,1000.00
14/12/2015,53.00,RAL,53.00,53.00,53.00,3500.00
11/12/2015,53.00,RAL,53.00,53.00,53.00,4840.00
10/12/2015,53.00,RAL,53.00,53.00,53.00,2000.00
09/12/2015,53.00,RAL,51.50,53.00,51.50,3470.00
08/12/2015,51.50,RAL,52.00,52.00,51.50,710.00
07/12/2015,52.50,RAL,52.00,52.50,52.00,60.00
04/12/2015,51.50,RAL,51.50,51.50,51.50,100.00
03/12/2015,52.50,RAL,52.50,52.50,52.50,3050.00
02/12/2015,52.50,RAL,52.00,52.50,52.00,2610.00
01/12/2015,53.00,RAL,53.00,53.00,53.00,0.00
30/11/2015,53.00,RAL,53.00,53.00,53.00,0.00
27/11/2015,53.00,RAL,53.00,53.00,53.00,0.00
26/11/2015,53.00,RAL,53.50,53.50,53.00,230.00
25/11/2015,53.00,RAL,52.00,53.00,52.00,2470.00
24/11/2015,52.50,RAL,52.50,52.50,52.50,1310.00
23/11/2015,53.00,RAL,53.00,53.00,53.00,0.00
20/11/2015,53.00,RAL,53.00,53.00,53.00,1860.00
19/11/2015,53.00,RAL,52.00,53.50,52.00,18040.00
18/11/2015,52.00,RAL,52.00,52.00,52.00,430.00
17/11/2015,52.50,RAL,52.50,52.50,52.00,240.00
16/11/2015,54.00,RAL,52.50,54.00,52.50,2840.00
13/11/2015,54.00,RAL,54.00,54.00,54.00,10.00
12/11/2015,52.50,RAL,52.00,52.50,52.00,7560.00
11/11/2015,54.00,RAL,54.00,54.00,54.00,90.00
10/11/2015,54.00,RAL,54.00,54.00,54.00,0.00
09/11/2015,54.00,RAL,54.00,54.00,54.00,0.00
06/11/2015,54.00,RAL,54.00,54.00,52.50,600.00
05/11/2015,54.00,RAL,52.00,54.00,52.00,870.00
04/11/2015,54.00,RAL,54.50,54.50,54.00,1980.00
03/11/2015,53.50,RAL,53.50,53.50,53.50,60.00
02/11/2015,53.00,RAL,53.00,53.00,53.00,10.00
30/10/2015,52.50,RAL,52.00,52.50,52.00,2200.00
29/10/2015,52.00,RAL,52.00,52.00,52.00,210.00
28/10/2015,52.00,RAL,53.50,54.00,52.00,3510.00
27/10/2015,54.00,RAL,52.00,54.00,52.00,720.00
26/10/2015,54.00,RAL,52.50,54.00,52.00,2050.00
23/10/2015,52.50,RAL,53.50,53.50,52.50,510.00
22/10/2015,54.00,RAL,54.00,54.00,54.00,0.00
21/10/2015,54.00,RAL,52.00,54.00,52.00,120.00
20/10/2015,53.50,RAL,52.50,54.00,52.50,7690.00
19/10/2015,52.50,RAL,52.50,53.50,52.50,3520.00
16/10/2015,52.00,RAL,52.00,54.50,51.00,18910.00
15/10/2015,51.00,RAL,50.00,51.50,50.00,4700.00
14/10/2015,51.50,RAL,51.00,51.50,50.50,850.00
13/10/2015,51.00,RAL,50.00,51.00,50.00,1320.00
12/10/2015,49.00,RAL,48.50,51.50,48.50,5100.00
09/10/2015,51.00,RAL,51.00,51.50,51.00,7700.00
08/10/2015,51.50,RAL,52.00,52.00,51.00,5020.00
07/10/2015,52.00,RAL,52.00,55.00,51.50,10220.00
06/10/2015,51.50,RAL,50.00,52.00,50.00,2990.00
05/10/2015,49.80,RAL,47.50,50.50,47.50,5330.00
02/10/2015,47.50,RAL,47.50,47.60,47.50,1040.00
01/10/2015,47.50,RAL,47.20,47.50,47.20,3400.00
30/09/2015,48.30,RAL,47.80,48.30,47.80,2930.00
29/09/2015,47.90,RAL,47.00,47.90,47.00,730.00
28/09/2015,47.50,RAL,47.10,47.50,47.10,8110.00
25/09/2015,47.90,RAL,47.90,47.90,47.90,0.00
24/09/2015,47.90,RAL,46.90,47.90,46.80,1960.00
23/09/2015,47.40,RAL,47.60,47.60,47.40,600.00
22/09/2015,47.50,RAL,46.50,47.50,46.50,2490.00
21/09/2015,47.60,RAL,47.60,48.90,47.50,21170.00
18/09/2015,47.50,RAL,47.50,48.80,47.50,4770.00
17/09/2015,47.70,RAL,49.00,50.00,47.50,8520.00
16/09/2015,48.80,RAL,47.90,48.80,47.90,1210.00
15/09/2015,47.50,RAL,47.20,48.20,47.00,1550.00
14/09/2015,47.50,RAL,49.50,49.50,47.50,640.00
11/09/2015,48.90,RAL,46.60,49.80,46.60,8860.00
10/09/2015,47.50,RAL,47.50,47.50,47.50,3000.00
09/09/2015,47.50,RAL,49.00,49.00,47.20,25670.00
08/09/2015,49.00,RAL,46.50,49.00,46.50,16640.00
07/09/2015,46.50,RAL,45.70,48.00,45.70,8220.00
04/09/2015,45.70,RAL,46.00,49.00,45.70,22480.00
03/09/2015,46.50,RAL,46.50,46.50,45.50,3030.00
01/09/2015,45.70,RAL,45.00,47.00,45.00,1160.00
31/08/2015,45.00,RAL,45.00,45.00,45.00,0.00
28/08/2015,45.00,RAL,44.40,45.00,44.40,21800.00
27/08/2015,43.20,RAL,43.10,44.50,43.10,3910.00
26/08/2015,43.10,RAL,43.00,43.10,43.00,1540.00
25/08/2015,43.00,RAL,44.00,44.00,43.00,1110.00
24/08/2015,45.30,RAL,45.30,45.30,45.30,0.00
21/08/2015,45.30,RAL,45.30,45.30,45.30,0.00
20/08/2015,45.30,RAL,43.30,45.30,43.30,130.00
19/08/2015,45.50,RAL,45.00,45.50,45.00,6680.00
18/08/2015,45.00,RAL,47.60,47.60,45.00,9110.00
17/08/2015,45.00,RAL,45.00,45.00,45.00,7670.00
14/08/2015,45.10,RAL,45.10,45.20,45.00,4710.00
13/08/2015,45.00,RAL,45.00,45.00,44.00,11950.00
12/08/2015,46.00,RAL,46.00,46.00,46.00,410.00
11/08/2015,46.00,RAL,46.00,46.00,46.00,0.00
10/08/2015,46.00,RAL,49.00,49.00,46.00,670.00
07/08/2015,47.00,RAL,47.00,47.00,47.00,50.00
06/08/2015,44.80,RAL,44.80,44.80,44.80,2000.00
05/08/2015,45.00,RAL,44.50,45.00,44.00,2100.00
04/08/2015,46.00,RAL,46.00,46.00,46.00,0.00
03/08/2015,46.00,RAL,46.00,46.00,46.00,40.00
31/07/2015,46.00,RAL,46.00,46.00,46.00,0.00
30/07/2015,46.00,RAL,45.00,46.00,45.00,720.00
29/07/2015,45.00,RAL,45.00,45.00,45.00,150.00
28/07/2015,45.00,RAL,46.00,46.00,45.00,3960.00
27/07/2015,45.00,RAL,45.00,45.00,45.00,3360.00
24/07/2015,46.00,RAL,44.80,46.00,44.20,9280.00
23/07/2015,44.50,RAL,46.00,46.00,43.80,8130.00
22/07/2015,45.60,RAL,45.60,45.60,45.60,0.00
21/07/2015,45.60,RAL,45.60,45.60,45.60,100.00
20/07/2015,44.50,RAL,44.50,44.50,44.50,3330.00
17/07/2015,45.00,RAL,45.10,45.10,45.00,8000.00
16/07/2015,45.50,RAL,45.50,45.50,45.50,0.00
15/07/2015,45.50,RAL,45.50,45.60,45.50,120.00
14/07/2015,45.50,RAL,46.00,46.00,45.00,6580.00
13/07/2015,44.70,RAL,44.70,44.70,44.70,1000.00
10/07/2015,45.00,RAL,47.00,47.00,44.70,5470.00
09/07/2015,47.40,RAL,42.20,47.40,42.20,420.00
08/07/2015,45.20,RAL,45.20,45.20,45.20,0.00
07/07/2015,45.20,RAL,45.50,45.50,45.20,580.00
06/07/2015,45.00,RAL,45.00,45.00,45.00,950.00
03/07/2015,46.00,RAL,47.00,47.00,45.00,5440.00
02/07/2015,47.00,RAL,47.00,47.00,47.00,0.00
01/07/2015,47.00,RAL,47.00,47.00,47.00,0.00
30/06/2015,47.00,RAL,46.00,47.00,46.00,2010.00
29/06/2015,46.20,RAL,46.20,46.20,46.20,3010.00
26/06/2015,46.00,RAL,46.00,46.00,46.00,0.00
25/06/2015,46.00,RAL,45.30,46.00,45.00,14770.00
24/06/2015,45.00,RAL,45.00,45.00,45.00,0.00
23/06/2015,45.00,RAL,44.90,45.00,44.90,2010.00
22/06/2015,45.00,RAL,43.50,45.00,43.50,3230.00
19/06/2015,45.00,RAL,45.00,45.00,45.00,0.00
18/06/2015,45.00,RAL,45.00,45.80,45.00,7530.00
17/06/2015,44.90,RAL,44.90,44.90,44.90,0.00
16/06/2015,44.90,RAL,44.00,44.90,44.00,1010.00
15/06/2015,46.50,RAL,46.50,46.50,46.50,0.00
12/06/2015,46.50,RAL,44.80,46.50,44.80,25850.00
11/06/2015,44.10,RAL,44.40,44.50,44.10,3980.00
10/06/2015,44.50,RAL,43.10,44.50,43.00,4050.00
09/06/2015,43.00,RAL,43.00,43.00,43.00,1760.00
08/06/2015,43.00,RAL,43.00,43.00,43.00,10.00
05/06/2015,43.50,RAL,42.50,43.50,42.50,610.00
04/06/2015,43.50,RAL,42.50,43.50,42.50,260.00
03/06/2015,44.50,RAL,43.00,44.50,43.00,210.00
02/06/2015,44.50,RAL,44.50,45.50,44.50,3780.00
01/06/2015,45.00,RAL,45.00,45.00,45.00,0.00
29/05/2015,45.00,RAL,45.00,45.00,45.00,0.00
28/05/2015,45.00,RAL,44.00,45.00,44.00,11000.00
27/05/2015,44.50,RAL,42.50,44.50,42.00,3960.00
26/05/2015,43.00,RAL,43.00,43.00,43.00,0.00
25/05/2015,43.00,RAL,43.00,43.00,43.00,750.00
22/05/2015,44.50,RAL,44.50,44.50,44.50,10.00
21/05/2015,43.10,RAL,44.50,44.50,43.10,510.00
20/05/2015,43.00,RAL,44.00,44.00,43.00,790.00
19/05/2015,44.00,RAL,44.30,44.50,43.00,13320.00
18/05/2015,43.00,RAL,43.00,43.00,43.00,5000.00
15/05/2015,44.00,RAL,43.40,44.00,41.60,9460.00
14/05/2015,43.50,RAL,42.50,43.70,42.50,6040.00
13/05/2015,42.50,RAL,42.50,42.50,42.50,0.00
12/05/2015,42.50,RAL,42.50,42.50,42.50,7980.00
11/05/2015,42.50,RAL,42.00,44.00,41.80,18510.00
08/05/2015,44.90,RAL,42.70,44.90,42.70,440.00
07/05/2015,45.00,RAL,45.00,45.00,45.00,300.00
06/05/2015,45.00,RAL,45.00,46.00,45.00,1530.00
05/05/2015,45.00,RAL,42.10,45.00,41.90,8010.00
04/05/2015,44.30,RAL,46.50,46.50,44.30,2100.00
27/04/2015,47.60,RAL,44.50,47.60,44.50,1900.00
24/04/2015,44.70,RAL,44.70,44.70,44.70,0.00
23/04/2015,44.70,RAL,44.20,44.70,44.10,840.00
22/04/2015,44.00,RAL,44.00,44.00,44.00,0.00
21/04/2015,44.00,RAL,44.00,44.00,44.00,1500.00
20/04/2015,44.00,RAL,44.00,44.00,44.00,0.00
17/04/2015,44.00,RAL,44.00,44.00,44.00,0.00
16/04/2015,44.00,RAL,44.00,44.00,44.00,0.00
15/04/2015,44.00,RAL,44.00,44.00,44.00,630.00
14/04/2015,44.00,RAL,44.00,44.00,44.00,1480.00
13/04/2015,45.30,RAL,45.20,45.30,45.20,120.00
10/04/2015,43.60,RAL,44.10,44.10,43.60,500.00
09/04/2015,43.10,RAL,44.50,45.00,43.00,2730.00
08/04/2015,44.00,RAL,44.00,44.00,44.00,380.00
07/04/2015,45.80,RAL,45.00,45.80,45.00,520.00
06/04/2015,45.90,RAL,47.00,47.00,44.50,1840.00
03/04/2015,45.40,RAL,45.40,45.40,45.40,0.00
02/04/2015,45.40,RAL,45.40,45.40,45.40,10.00
01/04/2015,46.50,RAL,46.50,46.50,46.50,60.00
31/03/2015,45.50,RAL,45.20,45.50,45.00,1260.00
30/03/2015,45.20,RAL,45.20,45.20,45.20,990.00
27/03/2015,45.20,RAL,45.20,45.30,45.20,6410.00
26/03/2015,45.20,RAL,45.20,45.30,45.20,1600.00
25/03/2015,45.20,RAL,45.00,45.50,45.00,1640.00
24/03/2015,45.00,RAL,45.00,45.00,45.00,2210.00
23/03/2015,45.00,RAL,44.20,45.20,44.20,7410.00
20/03/2015,45.00,RAL,45.00,45.00,45.00,2030.00
19/03/2015,45.90,RAL,45.90,45.90,45.90,10.00
18/03/2015,45.80,RAL,45.10,45.80,45.10,2330.00
17/03/2015,45.00,RAL,45.00,45.00,45.00,0.00
16/03/2015,45.00,RAL,45.00,45.00,45.00,850.00
13/03/2015,45.40,RAL,45.40,45.40,45.40,430.00
12/03/2015,45.00,RAL,45.00,45.00,45.00,700.00
11/03/2015,46.00,RAL,46.00,46.00,46.00,0.00
10/03/2015,46.00,RAL,45.00,46.00,45.00,5860.00
09/03/2015,45.00,RAL,45.20,45.20,45.00,1900.00
06/03/2015,44.00,RAL,45.10,45.10,44.00,4000.00
05/03/2015,46.00,RAL,46.00,46.50,45.00,8110.00
04/03/2015,46.00,RAL,45.00,46.00,45.00,1010.00
03/03/2015,45.00,RAL,45.50,45.50,45.00,500.00
02/03/2015,44.00,RAL,44.00,44.00,44.00,340.00
27/02/2015,46.40,RAL,46.40,46.40,46.40,0.00
26/02/2015,46.40,RAL,46.40,46.40,46.40,0.00
25/02/2015,46.40,RAL,45.00,46.40,45.00,800.00
24/02/2015,46.90,RAL,44.50,46.90,44.50,2120.00
13/02/2015,44.50,RAL,45.00,45.00,43.70,4240.00
12/02/2015,45.50,RAL,47.00,47.00,43.60,200.00
11/02/2015,45.50,RAL,42.80,45.50,42.50,9470.00
10/02/2015,44.90,RAL,46.00,46.00,43.20,390.00
09/02/2015,45.00,RAL,46.00,46.00,44.70,2640.00
06/02/2015,44.00,RAL,46.50,46.50,44.00,870.00
05/02/2015,46.50,RAL,42.50,46.50,42.50,60.00
04/02/2015,44.70,RAL,44.70,46.40,44.70,1070.00
03/02/2015,48.00,RAL,48.00,48.00,48.00,10.00
02/02/2015,45.00,RAL,45.00,45.00,45.00,440.00
30/01/2015,45.00,RAL,44.10,45.50,44.10,150.00
29/01/2015,45.50,RAL,44.30,48.40,44.20,9740.00
28/01/2015,47.50,RAL,45.00,47.50,45.00,1120.00
27/01/2015,45.00,RAL,49.00,49.00,44.70,2710.00
26/01/2015,48.00,RAL,47.60,48.50,44.50,210.00
23/01/2015,47.60,RAL,46.00,47.60,46.00,140.00
22/01/2015,46.50,RAL,46.50,46.50,46.50,10.00
21/01/2015,45.00,RAL,44.20,45.00,44.20,350.00
20/01/2015,46.50,RAL,45.00,46.50,45.00,1800.00
19/01/2015,46.50,RAL,46.50,46.50,46.50,0.00
16/01/2015,46.50,RAL,44.10,46.50,44.10,350.00
15/01/2015,46.50,RAL,46.50,46.50,46.50,10.00
14/01/2015,45.70,RAL,44.20,45.70,44.00,7050.00
13/01/2015,46.50,RAL,47.20,47.50,44.30,2650.00
12/01/2015,47.50,RAL,48.00,48.00,44.10,530.00
09/01/2015,46.00,RAL,44.00,46.00,44.00,4720.00
08/01/2015,44.00,RAL,44.00,44.00,44.00,1060.00
07/01/2015,45.00,RAL,45.00,45.00,44.00,520.00
06/01/2015,43.70,RAL,46.00,46.00,43.70,1320.00
05/01/2015,44.00,RAL,48.10,48.10,44.00,1710.00
31/12/2014,45.00,RAL,47.50,47.50,44.00,5750.00
30/12/2014,44.50,RAL,42.50,44.50,42.00,4530.00
29/12/2014,45.00,RAL,44.50,45.00,44.50,810.00
26/12/2014,47.70,RAL,44.60,47.90,44.60,920.00
25/12/2014,47.90,RAL,46.00,47.90,46.00,110.00
24/12/2014,47.90,RAL,46.50,47.90,46.50,1010.00
23/12/2014,49.40,RAL,49.70,49.80,46.50,2450.00
22/12/2014,49.80,RAL,49.80,49.80,49.80,10.00
19/12/2014,47.40,RAL,50.00,50.00,44.10,220.00
18/12/2014,47.40,RAL,48.50,48.50,47.40,510.00
17/12/2014,45.50,RAL,48.00,48.00,43.90,22310.00
16/12/2014,47.20,RAL,44.50,47.30,44.50,120.00
15/12/2014,46.10,RAL,50.00,50.00,46.10,210.00
12/12/2014,47.50,RAL,45.20,47.50,45.20,560.00
11/12/2014,46.00,RAL,46.00,46.50,46.00,710.00
10/12/2014,48.00,RAL,46.10,48.00,46.00,22350.00
09/12/2014,49.00,RAL,49.00,51.00,47.20,10110.00
08/12/2014,49.50,RAL,48.20,49.50,47.70,13830.00
05/12/2014,51.00,RAL,50.00,51.00,48.20,3600.00
04/12/2014,50.50,RAL,48.00,51.50,48.00,1120.00
03/12/2014,51.50,RAL,51.00,51.50,50.50,610.00
02/12/2014,50.50,RAL,49.90,51.00,49.90,4150.00
01/12/2014,49.90,RAL,48.10,50.50,48.10,7310.00
28/11/2014,50.00,RAL,49.00,50.00,48.00,6890.00
27/11/2014,49.00,RAL,47.00,50.00,47.00,11050.00
26/11/2014,50.00,RAL,50.00,50.50,49.20,6490.00
25/11/2014,50.50,RAL,50.00,50.50,48.10,3370.00
24/11/2014,50.00,RAL,49.00,50.00,48.90,1790.00
21/11/2014,48.20,RAL,49.50,50.00,48.20,18630.00
20/11/2014,50.00,RAL,50.50,50.50,47.60,5520.00
19/11/2014,50.50,RAL,50.00,50.50,49.50,16410.00
18/11/2014,50.00,RAL,47.00,50.00,47.00,83360.00
17/11/2014,46.90,RAL,44.50,46.90,44.00,39510.00
14/11/2014,43.90,RAL,44.00,44.00,43.90,2070.00
13/11/2014,44.00,RAL,44.10,44.20,44.00,4390.00
12/11/2014,44.60,RAL,44.70,44.70,44.50,8960.00
11/11/2014,45.00,RAL,45.00,45.00,45.00,1390.00
10/11/2014,44.50,RAL,44.10,45.00,44.10,3330.00
07/11/2014,44.00,RAL,43.60,44.00,43.60,500.00
06/11/2014,45.00,RAL,45.00,45.00,45.00,0.00
05/11/2014,45.00,RAL,44.00,45.00,43.60,5510.00
04/11/2014,45.00,RAL,45.00,45.00,45.00,200.00
03/11/2014,45.00,RAL,44.50,45.00,44.30,5850.00
31/10/2014,44.50,RAL,44.50,45.00,44.50,1230.00
30/10/2014,45.00,RAL,45.50,45.50,45.00,1020.00
29/10/2014,45.50,RAL,43.70,45.50,43.70,22870.00
28/10/2014,45.00,RAL,43.10,45.00,43.10,20.00
27/10/2014,44.00,RAL,44.00,44.20,44.00,6980.00
24/10/2014,44.50,RAL,44.50,45.50,44.50,12710.00
23/10/2014,44.50,RAL,44.80,44.80,44.50,4390.00
22/10/2014,45.00,RAL,44.80,45.50,44.80,3170.00
21/10/2014,45.50,RAL,45.00,45.50,44.50,7000.00
20/10/2014,45.50,RAL,46.00,46.00,43.80,2090.00
17/10/2014,45.50,RAL,45.50,45.50,45.50,9200.00
16/10/2014,45.50,RAL,45.00,45.50,44.50,1220.00
15/10/2014,45.00,RAL,45.00,45.00,44.60,9120.00
14/10/2014,44.60,RAL,45.40,45.40,44.60,2010.00
13/10/2014,44.50,RAL,44.50,44.50,44.20,1540.00
10/10/2014,44.50,RAL,45.10,45.10,44.50,5060.00
09/10/2014,45.60,RAL,45.50,46.00,45.50,7200.00
08/10/2014,46.50,RAL,47.00,47.00,45.00,1150.00
07/10/2014,47.00,RAL,44.20,47.00,44.20,310.00
06/10/2014,45.50,RAL,45.50,45.50,44.70,1060.00
03/10/2014,45.50,RAL,45.50,45.50,44.90,3200.00
02/10/2014,44.10,RAL,45.20,45.20,44.10,5320.00
01/10/2014,45.20,RAL,45.00,45.20,45.00,3680.00
30/09/2014,45.00,RAL,45.00,45.00,45.00,0.00
29/09/2014,45.00,RAL,45.00,45.00,44.50,2230.00
26/09/2014,45.00,RAL,45.50,45.50,45.00,1520.00
25/09/2014,46.50,RAL,44.00,46.50,44.00,4430.00
24/09/2014,46.80,RAL,46.80,46.80,46.80,0.00
23/09/2014,46.80,RAL,45.90,46.80,45.70,560.00
22/09/2014,46.00,RAL,47.00,47.00,45.80,2890.00
19/09/2014,46.10,RAL,46.50,47.00,46.10,1520.00
18/09/2014,46.00,RAL,48.00,48.00,46.00,9930.00
17/09/2014,46.50,RAL,45.00,47.00,44.60,8660.00
16/09/2014,44.50,RAL,45.50,45.50,44.50,5060.00
15/09/2014,45.50,RAL,44.00,45.50,44.00,120.00
12/09/2014,44.00,RAL,44.00,44.50,44.00,390.00
11/09/2014,44.00,RAL,44.00,44.00,44.00,410.00
10/09/2014,44.00,RAL,43.90,45.90,43.90,1370.00
09/09/2014,44.00,RAL,45.40,45.40,44.00,2350.00
08/09/2014,44.80,RAL,44.60,45.90,44.60,10690.00
05/09/2014,44.80,RAL,45.00,46.00,44.70,6170.00
04/09/2014,44.70,RAL,46.80,46.80,44.60,2620.00
03/09/2014,46.30,RAL,47.00,47.00,45.00,6620.00
29/08/2014,47.80,RAL,48.00,48.00,47.00,4870.00
28/08/2014,47.90,RAL,47.50,47.90,47.00,2890.00
27/08/2014,47.00,RAL,45.60,47.90,45.60,1140.00
26/08/2014,47.90,RAL,47.50,48.40,47.50,3380.00
25/08/2014,48.00,RAL,47.10,48.50,47.10,6940.00
22/08/2014,46.90,RAL,46.00,46.90,46.00,620.00
21/08/2014,46.90,RAL,46.00,46.90,46.00,3620.00
20/08/2014,46.40,RAL,46.50,47.00,46.00,10950.00
19/08/2014,46.20,RAL,46.20,46.50,46.00,10520.00
18/08/2014,46.20,RAL,45.80,46.50,45.80,4270.00
15/08/2014,45.80,RAL,45.80,45.80,45.80,0.00
14/08/2014,45.80,RAL,45.80,45.80,45.80,0.00
13/08/2014,45.80,RAL,45.20,45.80,45.20,1110.00
12/08/2014,45.50,RAL,45.50,45.50,45.50,2550.00
11/08/2014,46.30,RAL,47.40,47.40,45.50,5830.00
08/08/2014,45.50,RAL,43.10,45.50,43.10,1160.00
07/08/2014,44.10,RAL,43.20,44.10,43.10,1020.00
06/08/2014,43.70,RAL,43.50,43.70,43.50,320.00
05/08/2014,43.50,RAL,43.50,43.60,43.20,3070.00
04/08/2014,43.60,RAL,43.60,44.20,43.60,7000.00
01/08/2014,44.00,RAL,43.20,44.00,43.10,6600.00
31/07/2014,44.90,RAL,43.20,44.90,43.20,8090.00
30/07/2014,44.00,RAL,43.00,44.00,43.00,6240.00
29/07/2014,44.10,RAL,43.10,44.10,43.10,3570.00
28/07/2014,44.10,RAL,44.10,44.10,43.00,2490.00
25/07/2014,44.60,RAL,44.00,44.60,44.00,1030.00
24/07/2014,44.00,RAL,43.00,45.80,43.00,9840.00
23/07/2014,46.00,RAL,45.00,46.50,45.00,4190.00
22/07/2014,44.90,RAL,45.50,45.50,44.90,2500.00
21/07/2014,45.80,RAL,47.00,47.00,45.80,2070.00
18/07/2014,47.00,RAL,47.00,47.50,47.00,3170.00
17/07/2014,47.00,RAL,46.90,47.00,44.80,14840.00
16/07/2014,47.00,RAL,46.90,47.00,46.90,80.00
15/07/2014,47.00,RAL,46.50,47.00,46.50,100.00
14/07/2014,46.00,RAL,46.00,46.00,44.00,550.00
11/07/2014,46.00,RAL,44.00,46.00,44.00,1500.00
10/07/2014,45.00,RAL,46.00,46.00,45.00,4400.00
09/07/2014,46.00,RAL,45.50,46.00,45.50,1030.00
08/07/2014,45.50,RAL,45.10,45.50,45.00,2300.00
07/07/2014,45.50,RAL,45.00,45.50,45.00,1600.00
04/07/2014,45.00,RAL,45.00,47.00,44.50,4200.00
03/07/2014,44.50,RAL,43.20,44.50,43.20,1630.00
02/07/2014,44.80,RAL,43.80,44.80,43.20,2920.00
01/07/2014,43.80,RAL,43.80,43.80,43.20,340.00
30/06/2014,43.80,RAL,43.00,43.80,43.00,1350.00
27/06/2014,43.50,RAL,43.50,43.50,43.50,400.00
26/06/2014,43.70,RAL,43.70,43.80,43.70,400.00
25/06/2014,43.80,RAL,43.00,43.90,43.00,1080.00
24/06/2014,43.00,RAL,43.00,43.00,43.00,0.00
23/06/2014,43.00,RAL,42.80,43.00,42.80,580.00
20/06/2014,42.90,RAL,42.90,42.90,41.80,5530.00
19/06/2014,43.00,RAL,42.00,43.00,41.00,340.00
18/06/2014,43.00,RAL,43.00,43.00,42.00,3730.00
17/06/2014,43.50,RAL,43.00,44.00,43.00,500.00
16/06/2014,43.00,RAL,43.00,43.00,43.00,2100.00
13/06/2014,43.00,RAL,42.80,43.80,42.80,1920.00
12/06/2014,42.80,RAL,42.70,42.80,42.20,980.00
11/06/2014,42.90,RAL,43.00,43.00,42.80,640.00
10/06/2014,43.50,RAL,42.20,43.50,42.00,2350.00
09/06/2014,42.20,RAL,43.00,43.20,42.20,920.00
06/06/2014,43.00,RAL,42.10,43.00,42.10,2890.00
05/06/2014,44.00,RAL,44.00,44.00,44.00,10.00
04/06/2014,44.00,RAL,42.80,44.00,41.10,3750.00
03/06/2014,44.00,RAL,42.00,44.00,41.90,580.00
02/06/2014,42.60,RAL,45.50,45.50,42.60,680.00
30/05/2014,42.90,RAL,44.50,44.50,42.90,250.00
29/05/2014,44.50,RAL,44.50,44.50,44.50,200.00
28/05/2014,44.50,RAL,44.90,44.90,44.50,1240.00
27/05/2014,44.90,RAL,43.00,44.90,43.00,1630.00
26/05/2014,44.90,RAL,42.20,44.90,42.00,5610.00
23/05/2014,45.00,RAL,44.00,45.00,44.00,1640.00
22/05/2014,45.00,RAL,42.20,45.00,42.20,660.00
21/05/2014,44.00,RAL,44.50,44.50,43.50,5750.00
20/05/2014,44.50,RAL,45.00,45.00,43.00,9110.00
19/05/2014,43.00,RAL,46.00,46.00,43.00,1110.00
16/05/2014,44.90,RAL,42.50,44.90,42.50,110.00
15/05/2014,42.50,RAL,43.20,43.30,42.50,5810.00
14/05/2014,44.00,RAL,41.60,44.00,41.50,6390.00
13/05/2014,42.50,RAL,41.10,43.00,41.10,29270.00
12/05/2014,44.00,RAL,48.00,48.00,43.80,13500.00
09/05/2014,47.00,RAL,46.80,49.00,46.80,10920.00
08/05/2014,46.80,RAL,48.00,48.00,46.60,41170.00
07/05/2014,50.00,RAL,50.50,50.50,49.00,3200.00
06/05/2014,50.50,RAL,50.00,50.50,49.50,3810.00
05/05/2014,51.00,RAL,51.50,51.50,49.90,3380.00
29/04/2014,52.00,RAL,50.00,53.50,50.00,3500.00
28/04/2014,50.00,RAL,50.00,50.50,50.00,9900.00
25/04/2014,51.50,RAL,51.50,51.50,50.50,420.00
24/04/2014,51.50,RAL,50.00,51.50,50.00,3110.00
23/04/2014,52.00,RAL,52.50,53.50,50.50,7530.00
22/04/2014,52.50,RAL,52.00,53.50,52.00,2410.00
21/04/2014,53.50,RAL,52.50,53.50,52.50,230.00
18/04/2014,54.00,RAL,54.50,54.50,53.00,1990.00
17/04/2014,54.00,RAL,54.00,54.00,53.00,1180.00
16/04/2014,54.00,RAL,52.50,54.00,52.50,2470.00
15/04/2014,55.00,RAL,54.00,55.00,54.00,5570.00
14/04/2014,55.00,RAL,55.00,55.00,55.00,1300.00
11/04/2014,55.00,RAL,55.00,55.00,55.00,3830.00
10/04/2014,55.00,RAL,55.50,56.00,55.00,11860.00
08/04/2014,56.00,RAL,57.00,57.00,55.00,4290.00
07/04/2014,57.50,RAL,57.00,57.50,56.50,8780.00
04/04/2014,57.50,RAL,57.00,57.50,56.50,3600.00
03/04/2014,57.50,RAL,57.00,57.50,56.50,1040.00
02/04/2014,56.50,RAL,57.00,57.50,56.50,3740.00
01/04/2014,57.00,RAL,57.00,58.00,57.00,9560.00
31/03/2014,57.50,RAL,58.00,58.00,57.50,5580.00
28/03/2014,59.00,RAL,59.00,59.00,57.50,3310.00
27/03/2014,58.50,RAL,58.50,59.00,57.50,4240.00
26/03/2014,58.50,RAL,58.50,59.00,57.00,11180.00
25/03/2014,58.50,RAL,57.50,59.00,57.00,11930.00
24/03/2014,58.50,RAL,59.00,59.50,57.00,9210.00
21/03/2014,58.50,RAL,56.50,58.50,56.00,8420.00
20/03/2014,57.00,RAL,57.00,58.00,56.50,5120.00
19/03/2014,57.00,RAL,57.00,58.00,55.50,47270.00
18/03/2014,57.00,RAL,58.50,58.50,56.00,8400.00
17/03/2014,58.00,RAL,58.00,59.50,57.50,3790.00
14/03/2014,58.50,RAL,59.50,59.50,58.50,4550.00
13/03/2014,59.50,RAL,58.50,59.50,58.00,8010.00
12/03/2014,58.50,RAL,58.00,58.50,58.00,11180.00
11/03/2014,58.50,RAL,58.50,58.50,57.00,15790.00
10/03/2014,58.50,RAL,58.50,59.50,58.00,7530.00
07/03/2014,58.50,RAL,59.00,59.50,58.50,2060.00
06/03/2014,59.50,RAL,58.50,60.00,58.50,1190.00
05/03/2014,59.00,RAL,60.00,60.00,58.00,6620.00
04/03/2014,59.00,RAL,59.00,59.00,58.00,4150.00
03/03/2014,59.00,RAL,60.00,60.00,58.50,3790.00
28/02/2014,59.50,RAL,59.00,59.50,59.00,4380.00
27/02/2014,59.00,RAL,60.00,60.50,58.50,16840.00
26/02/2014,62.00,RAL,61.50,62.00,61.00,1830.00
25/02/2014,62.00,RAL,62.00,62.50,60.50,3550.00
24/02/2014,62.00,RAL,62.00,64.00,62.00,1760.00
21/02/2014,64.00,RAL,62.00,64.00,61.50,2250.00
20/02/2014,64.00,RAL,64.00,65.00,60.50,7360.00
19/02/2014,65.00,RAL,64.50,66.00,63.50,5050.00
18/02/2014,67.50,RAL,65.50,70.00,63.50,7990.00
17/02/2014,66.00,RAL,65.50,66.00,62.50,2790.00
14/02/2014,66.00,RAL,63.00,67.00,63.00,6630.00
13/02/2014,63.00,RAL,62.00,63.00,61.00,12210.00
12/02/2014,60.00,RAL,59.00,61.00,59.00,18040.00
11/02/2014,59.00,RAL,59.00,60.00,59.00,19040.00
10/02/2014,59.00,RAL,58.00,59.00,57.00,4750.00
07/02/2014,59.50,RAL,57.50,60.00,57.50,1350.00
06/02/2014,60.00,RAL,57.00,60.00,56.50,5630.00
27/01/2014,57.50,RAL,56.00,58.00,56.00,4060.00
24/01/2014,57.50,RAL,57.00,57.50,57.00,2680.00
23/01/2014,58.00,RAL,59.00,60.00,56.00,32430.00
22/01/2014,59.50,RAL,59.00,60.50,59.00,12260.00
21/01/2014,60.00,RAL,59.00,60.50,58.50,7820.00
20/01/2014,59.00,RAL,60.00,61.50,59.00,19580.00
17/01/2014,60.50,RAL,59.50,60.50,59.00,8200.00
16/01/2014,59.00,RAL,58.50,59.50,58.00,1130.00
15/01/2014,58.50,RAL,60.00,61.00,58.50,14590.00
14/01/2014,59.00,RAL,62.00,62.00,59.00,9770.00
13/01/2014,59.00,RAL,59.00,60.00,59.00,2220.00
10/01/2014,60.00,RAL,58.50,60.00,58.00,13850.00
09/01/2014,59.00,RAL,57.50,59.00,57.50,9950.00
08/01/2014,59.00,RAL,57.50,59.00,57.00,6720.00
07/01/2014,59.00,RAL,58.00,59.00,57.00,2710.00
06/01/2014,58.00,RAL,58.50,59.00,58.00,3850.00
03/01/2014,58.50,RAL,59.50,59.50,56.50,7490.00
02/01/2014,59.50,RAL,60.00,60.00,58.50,1250.00
31/12/2013,58.00,RAL,57.00,58.50,57.00,2290.00
30/12/2013,57.50,RAL,57.00,58.50,56.50,17300.00
27/12/2013,57.00,RAL,56.50,60.00,56.00,10170.00
26/12/2013,56.50,RAL,55.00,57.00,55.00,9900.00
25/12/2013,55.50,RAL,55.00,56.00,55.00,5750.00
24/12/2013,56.00,RAL,54.00,56.00,54.00,9340.00
23/12/2013,54.00,RAL,54.00,54.00,54.00,4940.00
20/12/2013,53.50,RAL,53.50,54.00,53.50,5130.00
19/12/2013,53.50,RAL,53.50,54.00,53.50,1040.00
18/12/2013,53.00,RAL,53.00,53.00,53.00,260.00
17/12/2013,53.50,RAL,51.50,53.50,51.50,4650.00
16/12/2013,53.00,RAL,52.00,53.00,52.00,1350.00
13/12/2013,52.50,RAL,52.00,55.50,52.00,1430.00
12/12/2013,52.00,RAL,51.50,52.00,51.50,900.00
11/12/2013,52.00,RAL,51.00,52.00,51.00,3470.00
10/12/2013,52.00,RAL,52.00,52.00,52.00,2090.00
09/12/2013,50.50,RAL,52.00,53.00,50.50,5420.00
06/12/2013,52.50,RAL,52.00,53.00,52.00,5490.00
05/12/2013,53.00,RAL,53.50,53.50,53.00,10840.00
04/12/2013,53.50,RAL,54.00,54.00,53.50,7390.00
03/12/2013,54.00,RAL,54.00,54.00,53.50,11460.00
02/12/2013,54.00,RAL,54.00,54.00,53.50,4270.00
29/11/2013,54.00,RAL,54.00,56.00,54.00,8490.00
28/11/2013,54.00,RAL,54.00,54.00,54.00,710.00
27/11/2013,55.00,RAL,57.00,57.00,55.00,17140.00
26/11/2013,55.00,RAL,55.50,55.50,54.50,4770.00
25/11/2013,55.50,RAL,54.00,55.50,54.00,1560.00
22/11/2013,55.50,RAL,54.00,55.50,54.00,5590.00
21/11/2013,55.50,RAL,54.50,55.50,54.00,5580.00
20/11/2013,54.50,RAL,54.00,54.50,54.00,1510.00
19/11/2013,55.00,RAL,54.00,55.00,53.50,5370.00
18/11/2013,55.00,RAL,54.00,55.00,53.00,2120.00
15/11/2013,54.50,RAL,54.00,55.00,54.00,1550.00
14/11/2013,54.50,RAL,54.00,54.50,54.00,2620.00
13/11/2013,55.50,RAL,54.50,55.50,54.00,970.00
12/11/2013,54.50,RAL,55.00,55.50,54.00,11630.00
11/11/2013,57.00,RAL,56.00,57.00,55.00,3810.00
08/11/2013,56.00,RAL,57.00,57.00,56.00,960.00
07/11/2013,56.00,RAL,55.50,56.00,55.00,7860.00
06/11/2013,55.50,RAL,55.50,57.00,55.50,2800.00
05/11/2013,56.00,RAL,55.00,56.00,55.00,7870.00
04/11/2013,56.00,RAL,55.00,56.00,55.00,7770.00
01/11/2013,55.00,RAL,55.00,55.50,54.50,4460.00
31/10/2013,55.50,RAL,54.50,55.50,54.50,2800.00
30/10/2013,55.00,RAL,58.00,58.00,54.50,4160.00
29/10/2013,55.50,RAL,53.50,57.50,53.50,5150.00
28/10/2013,55.50,RAL,56.00,58.00,55.00,8440.00
25/10/2013,56.00,RAL,55.00,56.00,55.00,4330.00
24/10/2013,56.50,RAL,55.00,58.00,55.00,3360.00
23/10/2013,57.00,RAL,55.00,57.00,55.00,59630.00
22/10/2013,53.50,RAL,52.50,53.50,52.50,1670.00
21/10/2013,54.50,RAL,53.00,54.50,52.50,10020.00
18/10/2013,55.00,RAL,54.00,55.00,53.00,5160.00
17/10/2013,55.00,RAL,55.00,55.00,53.00,5240.00
16/10/2013,55.00,RAL,55.00,56.00,54.50,8270.00
15/10/2013,54.50,RAL,55.00,55.00,53.50,16900.00
14/10/2013,54.00,RAL,56.00,56.00,53.50,26840.00
11/10/2013,54.00,RAL,50.50,54.00,50.50,6130.00
10/10/2013,52.50,RAL,49.50,52.50,49.50,30370.00
09/10/2013,49.50,RAL,48.00,50.00,48.00,8410.00
08/10/2013,50.00,RAL,50.00,51.00,49.50,13440.00
07/10/2013,49.20,RAL,50.00,50.50,49.00,6290.00
04/10/2013,49.20,RAL,47.60,50.00,47.60,1880.00
03/10/2013,50.00,RAL,49.50,50.50,49.00,3720.00
02/10/2013,50.50,RAL,50.00,51.00,49.10,7010.00
01/10/2013,49.90,RAL,47.60,50.00,47.60,6190.00
30/09/2013,47.60,RAL,48.20,49.00,46.50,9480.00
27/09/2013,48.20,RAL,48.20,51.50,48.00,5020.00
26/09/2013,48.70,RAL,47.50,50.00,47.50,10930.00
25/09/2013,50.00,RAL,50.50,52.00,50.00,5690.00
24/09/2013,53.00,RAL,52.00,55.00,52.00,2660.00
23/09/2013,52.00,RAL,50.00,52.00,49.90,5520.00
20/09/2013,50.00,RAL,50.00,50.00,50.00,550.00
19/09/2013,50.00,RAL,50.00,50.50,50.00,9300.00
18/09/2013,51.00,RAL,50.00,52.00,50.00,2890.00
17/09/2013,51.00,RAL,44.80,51.00,44.80,19130.00
16/09/2013,47.90,RAL,49.00,50.50,47.90,24440.00
13/09/2013,51.50,RAL,50.50,52.00,49.00,12800.00
12/09/2013,52.00,RAL,54.50,54.50,52.00,1570.00
11/09/2013,53.00,RAL,51.50,54.50,47.90,2910.00
10/09/2013,51.50,RAL,51.50,57.00,50.50,7120.00
09/09/2013,54.00,RAL,55.50,57.00,51.50,980.00
06/09/2013,54.00,RAL,52.50,56.00,52.50,2670.00
05/09/2013,56.00,RAL,55.00,56.00,55.00,630.00
04/09/2013,55.00,RAL,55.00,57.00,53.00,1700.00
03/09/2013,55.00,RAL,55.00,55.00,50.00,2060.00
30/08/2013,52.50,RAL,52.50,56.00,52.50,14180.00
29/08/2013,56.00,RAL,56.00,56.00,56.00,160.00
28/08/2013,60.00,RAL,61.50,61.50,60.00,156490.00
27/08/2013,64.00,RAL,61.50,64.00,61.50,11410.00
26/08/2013,64.00,RAL,63.00,64.00,62.00,3800.00
23/08/2013,65.00,RAL,63.00,65.00,61.50,27710.00
22/08/2013,65.50,RAL,62.50,66.00,62.50,80840.00
21/08/2013,65.50,RAL,65.00,65.50,63.00,49730.00
20/08/2013,66.00,RAL,63.00,67.00,63.00,74880.00
19/08/2013,66.00,RAL,60.00,66.50,60.00,95300.00
16/08/2013,63.00,RAL,63.00,64.00,60.00,64570.00
15/08/2013,63.00,RAL,60.00,64.00,57.00,60810.00
14/08/2013,60.00,RAL,56.00,61.50,56.00,26410.00
13/08/2013,58.00,RAL,60.00,60.00,55.00,16210.00
12/08/2013,57.00,RAL,53.50,57.00,53.50,52890.00
09/08/2013,53.50,RAL,53.00,53.50,52.50,18720.00
08/08/2013,50.00,RAL,53.00,53.00,49.50,26700.00
07/08/2013,49.60,RAL,50.00,53.00,49.60,59980.00
06/08/2013,49.90,RAL,48.60,50.50,48.60,12290.00
05/08/2013,48.70,RAL,48.60,49.30,46.00,10100.00
02/08/2013,48.60,RAL,49.30,49.30,46.70,3240.00
01/08/2013,46.50,RAL,47.80,49.00,46.00,24460.00
31/07/2013,47.80,RAL,45.90,48.20,45.90,38730.00
30/07/2013,45.10,RAL,42.30,45.10,42.10,31500.00
29/07/2013,42.20,RAL,42.00,45.90,42.00,6780.00
26/07/2013,43.00,RAL,42.50,45.40,42.50,50670.00
25/07/2013,42.50,RAL,40.00,42.50,40.00,32330.00
24/07/2013,39.80,RAL,39.00,39.80,39.00,23320.00
23/07/2013,39.60,RAL,39.10,39.90,39.00,7880.00
22/07/2013,39.60,RAL,40.30,40.50,39.50,11260.00
19/07/2013,40.10,RAL,38.50,40.10,38.50,35250.00
18/07/2013,37.50,RAL,37.00,37.50,36.50,4770.00
17/07/2013,37.50,RAL,36.80,37.50,36.70,8200.00
16/07/2013,37.50,RAL,37.00,37.50,36.90,21000.00
15/07/2013,36.30,RAL,37.10,37.50,36.30,2280.00
12/07/2013,37.00,RAL,36.40,37.50,36.40,980.00
11/07/2013,37.60,RAL,37.60,37.60,37.60,20.00
10/07/2013,37.50,RAL,37.50,37.50,36.50,330.00
09/07/2013,37.70,RAL,37.00,37.70,36.00,9820.00
08/07/2013,37.90,RAL,36.20,37.90,36.20,1010.00
05/07/2013,38.00,RAL,38.00,38.00,38.00,0.00
04/07/2013,38.00,RAL,36.10,38.00,36.10,4270.00
03/07/2013,38.10,RAL,38.00,38.10,38.00,3220.00
02/07/2013,38.20,RAL,38.20,38.20,38.20,20.00
01/07/2013,38.00,RAL,35.90,38.20,35.90,1600.00
28/06/2013,38.20,RAL,38.30,38.30,38.20,3540.00
27/06/2013,37.40,RAL,37.10,37.50,36.00,3930.00
26/06/2013,36.80,RAL,36.80,37.00,36.00,8150.00
25/06/2013,36.80,RAL,36.00,36.80,35.40,5010.00
24/06/2013,37.00,RAL,36.00,37.00,35.30,3450.00
21/06/2013,37.00,RAL,36.00,37.00,35.00,28540.00
20/06/2013,37.00,RAL,35.60,37.00,35.60,7130.00
19/06/2013,37.60,RAL,37.60,37.60,37.60,20.00
18/06/2013,36.60,RAL,35.90,38.10,35.90,3760.00
17/06/2013,37.60,RAL,39.00,39.00,37.20,14190.00
14/06/2013,40.00,RAL,42.00,42.00,39.60,2160.00
13/06/2013,40.60,RAL,38.50,40.60,38.50,61850.00
12/06/2013,38.00,RAL,35.70,38.00,35.70,62550.00
11/06/2013,35.60,RAL,35.00,35.60,34.70,16150.00
10/06/2013,34.50,RAL,34.20,35.90,34.20,530.00
07/06/2013,34.20,RAL,34.10,34.30,34.00,16330.00
06/06/2013,34.30,RAL,35.00,35.00,34.30,130.00
05/06/2013,35.50,RAL,34.50,35.50,34.50,16310.00
04/06/2013,34.50,RAL,34.50,35.50,34.50,12260.00
03/06/2013,35.00,RAL,35.40,35.50,35.00,40040.00
31/05/2013,35.70,RAL,36.10,36.10,35.70,16760.00
30/05/2013,36.00,RAL,36.10,36.60,35.30,5130.00
29/05/2013,35.80,RAL,36.80,36.90,35.80,22390.00
28/05/2013,36.50,RAL,37.00,37.00,35.00,5920.00
27/05/2013,37.00,RAL,35.30,37.00,35.20,5920.00
24/05/2013,36.50,RAL,36.50,36.50,36.50,2000.00
23/05/2013,36.00,RAL,38.50,38.50,36.00,7510.00
22/05/2013,36.00,RAL,35.10,36.80,35.10,4540.00
21/05/2013,36.50,RAL,36.50,36.50,36.50,10.00
20/05/2013,35.60,RAL,35.30,36.50,35.30,2490.00
17/05/2013,35.30,RAL,35.30,35.30,35.30,1510.00
16/05/2013,36.50,RAL,36.50,36.50,36.50,40.00
15/05/2013,36.50,RAL,35.00,36.50,35.00,5560.00
14/05/2013,35.50,RAL,35.50,35.50,35.50,6720.00
13/05/2013,36.80,RAL,36.00,36.80,36.00,30.00
10/05/2013,36.50,RAL,35.10,36.50,35.10,20740.00
09/05/2013,36.50,RAL,36.00,37.40,36.00,14070.00
08/05/2013,36.00,RAL,35.80,36.00,35.30,18400.00
07/05/2013,35.20,RAL,36.00,36.30,35.20,10390.00
06/05/2013,37.80,RAL,36.00,37.90,36.00,2740.00
03/05/2013,37.00,RAL,34.20,37.00,34.20,2640.00
02/05/2013,35.80,RAL,36.00,36.30,35.60,4520.00
26/04/2013,36.70,RAL,37.80,37.80,36.00,11080.00
25/04/2013,37.80,RAL,37.50,37.80,37.00,1600.00
24/04/2013,38.10,RAL,37.00,38.10,37.00,510.00
23/04/2013,38.20,RAL,38.20,38.20,38.20,360.00
22/04/2013,37.00,RAL,36.10,37.00,34.40,2600.00
18/04/2013,36.10,RAL,37.00,37.00,36.00,5610.00
17/04/2013,37.30,RAL,37.00,37.50,37.00,4510.00
16/04/2013,36.80,RAL,37.40,37.50,35.80,3150.00
15/04/2013,36.00,RAL,38.00,38.40,36.00,8690.00
12/04/2013,38.00,RAL,38.00,38.00,37.70,3370.00
11/04/2013,38.30,RAL,38.00,38.90,38.00,1050.00
10/04/2013,38.50,RAL,39.40,39.40,38.50,7450.00
09/04/2013,38.50,RAL,38.00,38.60,37.10,2480.00
08/04/2013,39.00,RAL,38.00,39.50,38.00,7700.00
05/04/2013,38.00,RAL,36.70,38.00,36.60,14270.00
04/04/2013,36.90,RAL,36.30,36.90,36.00,8910.00
03/04/2013,36.60,RAL,37.10,37.70,36.60,5090.00
02/04/2013,38.70,RAL,38.00,38.70,37.70,3300.00
01/04/2013,38.00,RAL,37.00,38.00,36.20,6850.00
29/03/2013,37.10,RAL,37.00,39.00,36.70,14810.00
28/03/2013,39.00,RAL,39.10,39.10,37.50,5330.00
27/03/2013,37.50,RAL,39.50,39.50,37.50,16140.00
26/03/2013,39.00,RAL,37.00,39.00,37.00,40110.00
25/03/2013,37.00,RAL,38.00,39.00,36.30,20210.00
22/03/2013,39.00,RAL,41.00,41.00,39.00,14600.00
21/03/2013,41.90,RAL,41.40,42.00,41.40,37480.00
20/03/2013,41.40,RAL,41.60,42.00,38.60,46270.00
19/03/2013,41.40,RAL,40.10,42.00,40.10,18100.00
18/03/2013,40.10,RAL,40.60,43.40,39.90,52120.00
15/03/2013,40.60,RAL,38.40,40.60,38.40,92390.00
14/03/2013,38.00,RAL,37.00,38.10,37.00,81450.00
13/03/2013,37.30,RAL,37.90,38.20,36.00,38180.00
12/03/2013,36.50,RAL,35.00,36.80,35.00,57420.00
11/03/2013,34.40,RAL,32.50,34.50,32.50,190640.00
08/03/2013,32.30,RAL,30.40,32.50,30.40,59250.00
07/03/2013,30.40,RAL,30.00,30.50,29.50,24560.00
06/03/2013,29.90,RAL,29.90,29.90,29.90,2000.00
05/03/2013,28.70,RAL,29.70,29.70,28.70,29520.00
04/03/2013,28.70,RAL,29.10,29.50,28.70,9030.00
01/03/2013,29.10,RAL,28.90,29.10,28.90,15310.00
28/02/2013,28.90,RAL,28.50,29.00,28.30,3090.00
27/02/2013,28.10,RAL,27.90,28.10,27.60,5920.00
26/02/2013,27.90,RAL,28.50,28.50,27.90,42480.00
25/02/2013,29.40,RAL,29.70,29.70,28.00,3350.00
22/02/2013,28.00,RAL,28.80,30.30,27.70,25490.00
21/02/2013,28.80,RAL,30.20,30.60,28.80,57110.00
20/02/2013,30.90,RAL,30.90,31.00,30.00,29180.00
19/02/2013,30.90,RAL,31.00,31.30,29.40,46190.00
18/02/2013,29.30,RAL,28.00,29.90,28.00,50620.00
08/02/2013,28.00,RAL,27.90,28.00,27.90,11440.00
07/02/2013,27.80,RAL,27.80,27.80,27.70,4800.00
06/02/2013,27.60,RAL,27.20,27.60,27.20,9120.00
05/02/2013,27.50,RAL,27.50,27.70,27.20,8730.00
04/02/2013,27.50,RAL,27.30,27.80,27.20,9140.00
01/02/2013,26.90,RAL,26.60,26.90,26.60,8900.00
31/01/2013,27.00,RAL,27.40,27.50,27.00,43870.00
30/01/2013,27.90,RAL,28.00,28.00,27.40,20910.00
29/01/2013,28.00,RAL,27.50,28.20,27.50,30970.00
28/01/2013,27.50,RAL,26.50,28.20,26.50,108070.00
25/01/2013,26.50,RAL,26.50,26.90,26.50,43740.00
24/01/2013,26.50,RAL,26.30,26.50,26.00,530.00
23/01/2013,26.30,RAL,26.30,26.40,26.30,13500.00
22/01/2013,26.30,RAL,27.30,27.30,26.30,57590.00
21/01/2013,26.40,RAL,26.40,26.40,26.40,100.00
18/01/2013,26.00,RAL,26.00,26.00,25.80,4030.00
17/01/2013,26.10,RAL,26.20,26.20,26.00,4120.00
16/01/2013,26.20,RAL,26.20,26.50,26.10,24440.00
15/01/2013,25.80,RAL,25.80,25.80,25.80,5540.00
14/01/2013,25.80,RAL,26.40,26.40,25.80,17990.00
11/01/2013,26.40,RAL,26.70,26.70,26.10,6230.00
10/01/2013,26.10,RAL,26.50,26.50,26.00,1410.00
09/01/2013,25.90,RAL,25.80,26.50,25.80,17440.00
08/01/2013,25.70,RAL,26.60,26.70,25.70,25270.00
07/01/2013,26.50,RAL,26.30,27.50,26.30,23940.00
04/01/2013,26.70,RAL,26.80,27.00,26.00,38630.00
03/01/2013,26.70,RAL,26.50,27.40,26.50,16460.00
02/01/2013,26.50,RAL,25.50,26.50,25.40,58810.00
28/12/2012,25.30,RAL,25.30,25.30,25.00,2820.00
27/12/2012,24.60,RAL,25.00,25.00,24.60,21390.00
26/12/2012,25.00,RAL,25.00,25.10,24.70,12010.00
25/12/2012,25.50,RAL,25.50,25.50,25.50,0.00
24/12/2012,25.50,RAL,25.50,25.50,25.50,250.00
21/12/2012,24.80,RAL,26.20,26.20,24.80,9000.00
20/12/2012,25.20,RAL,25.00,25.20,24.50,14040.00
19/12/2012,24.30,RAL,24.30,24.30,24.30,3330.00
18/12/2012,24.20,RAL,25.00,25.00,24.20,4940.00
17/12/2012,25.20,RAL,24.50,25.20,24.50,3200.00
14/12/2012,25.30,RAL,24.50,25.30,24.00,5110.00
13/12/2012,24.80,RAL,24.50,24.80,24.50,5200.00
12/12/2012,24.50,RAL,25.00,25.00,24.50,4900.00
11/12/2012,25.00,RAL,25.00,25.00,25.00,0.00
10/12/2012,25.00,RAL,24.80,25.00,24.80,1500.00
07/12/2012,25.00,RAL,25.50,25.50,24.80,4490.00
06/12/2012,25.50,RAL,25.20,25.50,25.20,8530.00
05/12/2012,25.20,RAL,25.00,25.30,25.00,25170.00
04/12/2012,25.00,RAL,24.90,25.00,24.90,10600.00
03/12/2012,24.00,RAL,23.90,24.00,23.90,3920.00
30/11/2012,24.00,RAL,23.10,24.00,23.00,310.00
29/11/2012,24.00,RAL,24.00,24.00,24.00,0.00
28/11/2012,24.00,RAL,23.00,24.00,23.00,300.00
27/11/2012,24.00,RAL,24.00,24.00,24.00,10.00
26/11/2012,23.50,RAL,23.50,23.50,23.50,1020.00
23/11/2012,24.40,RAL,23.50,24.40,23.50,830.00
22/11/2012,24.40,RAL,24.40,24.40,24.40,60.00
21/11/2012,24.50,RAL,24.50,24.50,24.50,5000.00
20/11/2012,23.50,RAL,25.00,25.00,23.50,20.00
19/11/2012,24.00,RAL,24.00,24.00,24.00,120.00
16/11/2012,24.00,RAL,24.00,24.10,24.00,1700.00
15/11/2012,24.30,RAL,24.30,24.30,24.30,0.00
14/11/2012,24.30,RAL,23.60,24.30,23.60,20.00
13/11/2012,23.50,RAL,23.50,24.30,23.50,9020.00
12/11/2012,23.20,RAL,23.20,23.20,23.20,2000.00
09/11/2012,23.90,RAL,23.90,23.90,23.90,10.00
08/11/2012,24.00,RAL,23.50,24.00,23.50,1970.00
07/11/2012,23.50,RAL,23.50,24.40,23.50,8080.00
06/11/2012,23.70,RAL,21.60,23.70,21.60,20.00
05/11/2012,22.60,RAL,23.30,24.00,22.50,13100.00
02/11/2012,23.30,RAL,23.30,25.70,23.30,10060.00
01/11/2012,24.50,RAL,24.50,24.50,24.50,100.00
31/10/2012,24.00,RAL,24.00,24.00,24.00,920.00
30/10/2012,23.50,RAL,22.80,23.50,22.80,1120.00
29/10/2012,23.10,RAL,22.90,23.50,22.90,1200.00
26/10/2012,23.80,RAL,23.80,23.80,23.80,2700.00
25/10/2012,25.00,RAL,26.30,26.30,24.00,5020.00
24/10/2012,25.20,RAL,26.50,26.50,25.20,2730.00
23/10/2012,26.50,RAL,26.50,26.50,26.50,0.00
22/10/2012,26.50,RAL,25.70,26.50,25.70,1170.00
19/10/2012,25.70,RAL,25.60,25.70,25.60,220.00
18/10/2012,25.70,RAL,25.50,26.70,25.50,250.00
17/10/2012,25.50,RAL,25.50,25.50,25.50,2740.00
16/10/2012,25.50,RAL,25.00,25.50,24.70,23500.00
15/10/2012,26.00,RAL,25.50,26.00,25.50,4610.00
12/10/2012,25.00,RAL,24.60,25.00,24.30,3510.00
11/10/2012,24.60,RAL,24.00,24.60,23.70,3170.00
10/10/2012,23.50,RAL,23.50,23.50,23.50,500.00
09/10/2012,23.50,RAL,23.80,23.80,23.50,15400.00
08/10/2012,24.00,RAL,24.00,24.00,24.00,300.00
05/10/2012,24.60,RAL,23.60,24.60,23.60,3020.00
04/10/2012,23.60,RAL,24.00,24.00,23.60,6490.00
03/10/2012,24.80,RAL,24.80,24.80,24.80,10.00
02/10/2012,25.00,RAL,25.00,25.00,25.00,510.00
01/10/2012,25.00,RAL,25.50,25.50,25.00,4890.00
28/09/2012,25.20,RAL,24.10,25.20,24.10,740.00
27/09/2012,25.30,RAL,25.30,25.30,25.30,10.00
26/09/2012,24.70,RAL,25.10,25.10,23.80,8610.00
25/09/2012,25.00,RAL,26.90,26.90,25.00,200.00
24/09/2012,25.70,RAL,25.70,25.70,25.70,400.00
21/09/2012,27.00,RAL,27.00,27.00,27.00,700.00
20/09/2012,25.90,RAL,25.30,25.90,25.30,560.00
19/09/2012,26.00,RAL,24.00,26.00,23.90,5420.00
18/09/2012,24.90,RAL,23.80,24.90,23.80,1020.00
17/09/2012,24.60,RAL,23.60,24.60,23.60,7500.00
14/09/2012,24.60,RAL,24.60,25.70,24.60,15250.00
13/09/2012,25.70,RAL,25.50,25.70,25.50,20.00
12/09/2012,26.60,RAL,26.00,26.60,26.00,410.00
11/09/2012,26.60,RAL,26.20,26.60,26.20,1110.00
10/09/2012,27.50,RAL,28.20,28.20,26.50,1660.00
07/09/2012,27.20,RAL,28.00,28.00,27.20,8050.00
06/09/2012,28.50,RAL,28.50,28.50,28.50,140.00
05/09/2012,28.50,RAL,26.50,28.50,26.50,1020.00
04/09/2012,27.60,RAL,27.80,27.80,27.60,2000.00
31/08/2012,29.00,RAL,27.50,29.00,27.50,3700.00
30/08/2012,28.90,RAL,27.50,28.90,27.50,170.00
29/08/2012,28.40,RAL,28.40,28.40,28.40,1000.00
28/08/2012,28.40,RAL,27.50,28.40,27.50,230.00
27/08/2012,28.30,RAL,28.30,28.40,27.10,5370.00
24/08/2012,27.10,RAL,27.10,27.10,27.00,3740.00
23/08/2012,27.40,RAL,27.60,27.60,27.40,11110.00
22/08/2012,28.80,RAL,30.00,30.00,28.80,1850.00
21/08/2012,30.00,RAL,30.00,30.00,28.50,630.00
20/08/2012,30.00,RAL,31.00,31.00,30.00,10830.00
17/08/2012,31.00,RAL,30.80,31.00,30.70,3260.00
16/08/2012,30.80,RAL,30.80,30.80,30.80,1160.00
15/08/2012,30.80,RAL,30.80,30.80,30.80,10.00
14/08/2012,29.70,RAL,29.40,30.70,29.40,3540.00
13/08/2012,29.40,RAL,29.50,29.50,29.40,970.00
10/08/2012,30.90,RAL,31.00,31.00,30.90,300.00
09/08/2012,31.00,RAL,31.00,31.00,31.00,0.00
08/08/2012,31.00,RAL,31.00,31.00,31.00,10.00
07/08/2012,29.90,RAL,30.00,30.00,28.70,1020.00
06/08/2012,30.00,RAL,29.50,30.00,29.50,710.00
03/08/2012,31.00,RAL,29.50,31.00,29.50,110.00
02/08/2012,31.00,RAL,31.00,31.00,31.00,10.00
01/08/2012,30.50,RAL,29.40,30.50,29.40,610.00
31/07/2012,30.90,RAL,29.50,30.90,29.50,310.00
30/07/2012,29.50,RAL,30.00,30.00,29.50,1700.00
27/07/2012,31.00,RAL,31.00,32.00,30.90,3440.00
26/07/2012,32.50,RAL,31.00,32.50,31.00,140.00
25/07/2012,31.00,RAL,31.00,31.00,31.00,0.00
24/07/2012,31.00,RAL,29.90,31.00,29.90,1520.00
23/07/2012,31.40,RAL,31.40,31.50,31.40,3250.00
20/07/2012,33.00,RAL,33.00,33.00,33.00,10.00
19/07/2012,33.40,RAL,34.00,34.00,32.60,220.00
18/07/2012,32.50,RAL,32.50,32.50,32.50,0.00
17/07/2012,32.50,RAL,32.50,32.50,32.50,0.00
16/07/2012,32.50,RAL,32.50,32.50,32.50,0.00
13/07/2012,32.50,RAL,32.50,32.50,32.50,920.00
12/07/2012,32.70,RAL,32.70,32.70,32.70,0.00
11/07/2012,32.70,RAL,32.70,32.70,32.70,0.00
10/07/2012,32.70,RAL,32.70,32.70,32.70,0.00
09/07/2012,32.70,RAL,32.70,32.70,32.70,10.00
06/07/2012,31.90,RAL,29.00,31.90,29.00,250.00
05/07/2012,30.50,RAL,30.50,30.50,30.50,10.00
04/07/2012,30.00,RAL,30.50,30.50,30.00,2310.00
03/07/2012,31.00,RAL,30.50,31.00,30.50,2370.00
02/07/2012,32.10,RAL,32.10,32.10,32.10,10.00
29/06/2012,32.10,RAL,30.90,32.10,30.90,510.00
28/06/2012,32.50,RAL,31.80,32.50,31.80,1120.00
27/06/2012,33.40,RAL,32.00,33.40,32.00,430.00
26/06/2012,32.30,RAL,32.30,32.30,32.30,0.00
25/06/2012,32.30,RAL,32.30,32.30,32.30,100.00
22/06/2012,32.00,RAL,32.00,32.00,32.00,10.00
21/06/2012,31.50,RAL,31.00,31.50,31.00,1320.00
20/06/2012,32.00,RAL,32.00,32.00,32.00,190.00
19/06/2012,32.40,RAL,32.60,32.60,32.00,1430.00
18/06/2012,32.60,RAL,32.60,32.60,32.60,0.00
15/06/2012,32.60,RAL,32.60,32.60,32.60,0.00
14/06/2012,32.60,RAL,32.60,32.60,32.60,10.00
13/06/2012,31.10,RAL,31.10,31.10,31.10,0.00
12/06/2012,31.10,RAL,31.10,31.10,31.10,510.00
11/06/2012,31.10,RAL,31.10,31.10,31.10,900.00
08/06/2012,30.00,RAL,32.80,32.80,30.00,3310.00
07/06/2012,31.50,RAL,31.50,31.50,31.50,0.00
06/06/2012,31.50,RAL,29.50,31.50,29.50,950.00
05/06/2012,31.00,RAL,30.10,31.00,30.10,10690.00
04/06/2012,30.90,RAL,30.90,30.90,30.90,6460.00
01/06/2012,32.50,RAL,32.50,32.50,32.50,0.00
31/05/2012,32.50,RAL,31.20,32.50,31.00,4980.00
30/05/2012,32.00,RAL,31.00,32.00,31.00,1310.00
29/05/2012,31.00,RAL,31.00,31.00,31.00,0.00
28/05/2012,31.00,RAL,31.00,31.00,30.00,6820.00
25/05/2012,31.00,RAL,28.60,31.00,28.60,4790.00
24/05/2012,29.60,RAL,31.00,31.00,29.50,8200.00
23/05/2012,31.00,RAL,30.00,31.00,30.00,9210.00
22/05/2012,30.00,RAL,30.50,30.50,30.00,640.00
21/05/2012,30.30,RAL,28.00,30.30,28.00,10230.00
18/05/2012,28.90,RAL,29.40,29.40,28.90,2850.00
17/05/2012,30.40,RAL,31.00,33.00,30.40,37670.00
16/05/2012,32.00,RAL,33.20,33.40,32.00,10560.00
15/05/2012,33.20,RAL,33.40,33.40,33.20,76270.00
14/05/2012,34.90,RAL,36.00,36.00,33.70,52920.00
11/05/2012,35.40,RAL,34.30,35.90,34.20,13390.00
10/05/2012,35.50,RAL,36.00,36.00,35.50,18680.00
09/05/2012,36.00,RAL,35.90,36.00,34.50,18800.00
08/05/2012,34.40,RAL,37.00,37.00,34.40,12300.00
07/05/2012,36.00,RAL,34.20,36.00,34.20,570.00
04/05/2012,35.20,RAL,35.00,35.20,34.00,23290.00
03/05/2012,33.60,RAL,32.30,33.60,31.60,26080.00
02/05/2012,32.00,RAL,34.10,34.10,32.00,4560.00
27/04/2012,33.30,RAL,34.40,34.40,32.10,29960.00
26/04/2012,33.30,RAL,32.50,33.30,31.60,5520.00
25/04/2012,32.30,RAL,34.80,34.80,32.00,12560.00
24/04/2012,33.20,RAL,31.30,33.30,31.30,71540.00
23/04/2012,32.90,RAL,33.00,33.00,30.50,970.00
20/04/2012,31.70,RAL,31.70,31.70,31.70,7400.00
19/04/2012,31.30,RAL,32.70,32.80,31.30,15220.00
18/04/2012,31.30,RAL,29.90,31.30,29.90,28110.00
17/04/2012,29.90,RAL,30.20,30.40,29.90,5330.00
16/04/2012,30.40,RAL,29.60,32.60,29.60,5260.00
13/04/2012,31.10,RAL,31.10,31.30,30.50,14510.00
12/04/2012,31.20,RAL,31.30,31.30,30.00,9800.00
11/04/2012,31.30,RAL,30.00,31.30,30.00,6140.00
10/04/2012,31.30,RAL,31.00,31.50,30.00,4510.00
09/04/2012,30.50,RAL,30.50,31.30,29.60,11930.00
06/04/2012,29.90,RAL,31.40,31.40,29.90,2010.00
05/04/2012,30.20,RAL,30.20,31.90,30.00,9710.00
04/04/2012,31.40,RAL,31.00,31.50,31.00,5190.00
03/04/2012,30.00,RAL,29.00,30.00,28.90,14580.00
30/03/2012,30.40,RAL,30.10,33.00,30.10,214730.00
29/03/2012,31.60,RAL,32.50,32.50,30.20,290780.00
28/03/2012,31.70,RAL,31.70,32.00,31.70,104880.00
27/03/2012,33.30,RAL,34.60,36.00,33.30,195870.00
26/03/2012,35.00,RAL,34.50,38.00,34.40,297650.00
23/03/2012,36.20,RAL,36.30,36.30,36.20,5120.00
22/03/2012,38.10,RAL,38.10,38.10,37.30,221320.00
21/03/2012,36.30,RAL,36.30,36.30,36.20,213690.00
20/03/2012,34.60,RAL,34.60,34.60,34.50,87160.00
19/03/2012,33.00,RAL,34.20,34.40,33.00,59900.00
16/03/2012,32.80,RAL,32.80,32.80,32.80,45050.00
15/03/2012,31.30,RAL,31.00,31.30,31.00,176140.00
14/03/2012,29.90,RAL,29.30,29.90,29.10,85320.00
13/03/2012,28.50,RAL,28.00,28.50,28.00,35650.00
12/03/2012,27.20,RAL,27.20,28.10,27.20,81900.00
09/03/2012,26.80,RAL,27.50,27.90,26.80,72000.00
08/03/2012,26.60,RAL,28.20,28.20,26.60,8810.00
07/03/2012,27.10,RAL,27.10,27.10,26.90,15650.00
06/03/2012,25.90,RAL,28.00,28.00,25.90,32320.00
05/03/2012,27.00,RAL,28.50,28.80,27.00,12310.00
02/03/2012,27.50,RAL,27.80,28.00,27.20,292470.00
01/03/2012,26.70,RAL,26.60,28.30,26.60,14190.00
29/02/2012,27.00,RAL,27.80,28.00,26.00,64030.00
28/02/2012,26.70,RAL,26.50,27.60,26.50,60860.00
27/02/2012,26.30,RAL,27.90,27.90,26.30,13320.00
24/02/2012,26.80,RAL,27.50,27.60,26.80,16850.00
23/02/2012,26.80,RAL,27.80,27.80,26.80,4800.00
22/02/2012,26.50,RAL,27.00,27.30,26.50,66090.00
21/02/2012,26.00,RAL,27.20,27.30,26.00,78990.00
20/02/2012,26.00,RAL,25.80,27.00,25.10,67510.00
17/02/2012,25.80,RAL,26.20,27.00,25.80,29280.00
16/02/2012,25.80,RAL,25.60,25.80,25.50,17010.00
15/02/2012,25.50,RAL,26.00,26.00,25.20,101780.00
14/02/2012,25.50,RAL,25.30,25.70,25.30,48050.00
13/02/2012,24.60,RAL,23.60,24.60,23.60,27290.00
10/02/2012,23.50,RAL,23.50,23.50,23.40,37170.00
09/02/2012,23.40,RAL,23.40,23.40,23.40,53060.00
08/02/2012,23.40,RAL,23.40,23.40,23.40,24500.00
07/02/2012,23.40,RAL,23.40,23.40,23.40,10.00
06/02/2012,22.50,RAL,22.50,22.50,22.50,4390.00
03/02/2012,23.00,RAL,23.00,23.00,23.00,47420.00
02/02/2012,23.10,RAL,23.00,23.10,23.00,59040.00
01/02/2012,22.00,RAL,21.80,23.00,21.80,7460.00
31/01/2012,22.00,RAL,21.60,22.00,21.60,89680.00
30/01/2012,21.00,RAL,21.00,21.00,21.00,100.00
20/01/2012,20.80,RAL,20.90,20.90,20.80,3000.00
19/01/2012,20.80,RAL,20.30,20.80,20.30,170.00
18/01/2012,20.60,RAL,20.30,20.60,20.30,1120.00
17/01/2012,20.50,RAL,20.50,20.60,20.50,3860.00
16/01/2012,20.50,RAL,20.10,20.50,20.10,260.00
13/01/2012,20.30,RAL,19.60,20.30,19.60,18450.00
12/01/2012,20.30,RAL,19.80,20.40,19.80,9810.00
11/01/2012,20.30,RAL,20.30,20.30,20.30,0.00
10/01/2012,20.30,RAL,20.00,20.30,20.00,2210.00
09/01/2012,20.00,RAL,19.60,20.00,19.60,4250.00
06/01/2012,19.60,RAL,20.00,20.00,19.50,14420.00
05/01/2012,20.50,RAL,20.80,20.80,20.50,12300.00
04/01/2012,21.50,RAL,22.00,22.50,20.50,1000.00
03/01/2012,21.50,RAL,21.90,21.90,21.50,6020.00
30/12/2011,21.20,RAL,20.20,21.20,20.20,2110.00
29/12/2011,20.90,RAL,21.00,21.00,20.50,5600.00
28/12/2011,21.50,RAL,20.20,21.50,20.20,4700.00
27/12/2011,20.90,RAL,21.10,21.10,20.90,1100.00
26/12/2011,21.80,RAL,21.50,22.00,21.50,30150.00
23/12/2011,21.50,RAL,22.00,22.00,21.50,1550.00
22/12/2011,22.00,RAL,23.20,23.40,21.50,357130.00
21/12/2011,22.30,RAL,22.30,22.30,22.10,95430.00
20/12/2011,21.30,RAL,20.60,21.30,20.50,16740.00
19/12/2011,20.30,RAL,20.30,22.20,20.30,18540.00
16/12/2011,21.20,RAL,22.30,23.40,21.20,11050.00
15/12/2011,22.30,RAL,23.40,23.40,22.30,2950.00
14/12/2011,23.40,RAL,22.00,23.50,21.30,171790.00
13/12/2011,22.40,RAL,21.90,22.60,21.00,50460.00
12/12/2011,21.60,RAL,21.60,21.60,21.50,38950.00
09/12/2011,20.60,RAL,18.90,20.60,18.90,41410.00
08/12/2011,19.70,RAL,18.90,19.70,18.90,26480.00
07/12/2011,18.90,RAL,18.70,19.10,18.70,16200.00
06/12/2011,18.70,RAL,18.80,19.00,18.70,37000.00
05/12/2011,18.70,RAL,18.50,19.00,18.50,14800.00
02/12/2011,18.50,RAL,18.10,18.50,17.60,2120.00
01/12/2011,17.80,RAL,17.50,17.80,17.50,7180.00
30/11/2011,17.70,RAL,17.80,17.90,17.70,2420.00
29/11/2011,18.00,RAL,18.00,18.00,18.00,8400.00
28/11/2011,18.00,RAL,18.30,18.30,18.00,1020.00
25/11/2011,18.50,RAL,18.40,18.60,18.40,19130.00
24/11/2011,18.40,RAL,18.30,18.50,18.30,15600.00
23/11/2011,18.60,RAL,18.60,18.60,18.30,31720.00
22/11/2011,18.10,RAL,18.50,18.70,18.10,25440.00
21/11/2011,18.40,RAL,17.60,18.40,17.40,58970.00
18/11/2011,17.80,RAL,17.90,18.20,17.80,89080.00
17/11/2011,17.90,RAL,17.60,18.20,17.60,76930.00
16/11/2011,17.80,RAL,17.50,17.80,17.50,1500.00
15/11/2011,17.50,RAL,17.60,17.60,17.40,51660.00
14/11/2011,17.50,RAL,17.10,17.60,17.10,68320.00
11/11/2011,16.80,RAL,16.60,17.30,16.60,49730.00
10/11/2011,17.10,RAL,17.70,17.70,16.90,93910.00
09/11/2011,17.00,RAL,17.00,17.00,17.00,15420.00
08/11/2011,17.20,RAL,17.70,18.00,17.20,51590.00
07/11/2011,18.10,RAL,18.10,18.30,18.10,28740.00
04/11/2011,18.10,RAL,17.90,18.50,17.90,53140.00
03/11/2011,18.00,RAL,17.60,18.00,17.60,33420.00
02/11/2011,17.90,RAL,17.70,18.30,17.50,311810.00
01/11/2011,17.50,RAL,17.10,17.90,17.10,78250.00
31/10/2011,17.10,RAL,17.40,17.60,17.00,47810.00
28/10/2011,17.40,RAL,17.10,17.40,16.70,98030.00
27/10/2011,16.60,RAL,16.60,16.80,16.60,56660.00
26/10/2011,16.80,RAL,16.90,17.10,16.80,31480.00
25/10/2011,17.20,RAL,16.40,17.20,16.40,145220.00
24/10/2011,16.40,RAL,16.40,16.70,16.40,93210.00
21/10/2011,16.20,RAL,16.30,16.30,16.20,9320.00
20/10/2011,16.30,RAL,16.00,16.30,16.00,24980.00
19/10/2011,16.00,RAL,16.10,16.10,15.90,43560.00
18/10/2011,15.90,RAL,15.70,16.00,15.70,26500.00
17/10/2011,15.90,RAL,15.80,16.10,15.80,57800.00
14/10/2011,15.80,RAL,16.20,16.20,15.80,1020.00
13/10/2011,15.80,RAL,16.00,16.00,15.70,3510.00
12/10/2011,15.60,RAL,15.60,15.90,15.60,25960.00
11/10/2011,15.90,RAL,16.20,16.20,15.80,26630.00
10/10/2011,16.00,RAL,16.00,16.40,15.80,8060.00
07/10/2011,16.00,RAL,16.10,16.10,16.00,11860.00
06/10/2011,16.10,RAL,15.40,16.20,15.40,20640.00
05/10/2011,15.60,RAL,15.70,15.70,15.50,18850.00
04/10/2011,15.40,RAL,15.20,15.50,15.20,7850.00
03/10/2011,15.60,RAL,15.60,15.90,15.60,25200.00
30/09/2011,15.80,RAL,15.30,15.90,15.30,57780.00
29/09/2011,15.40,RAL,15.40,15.50,15.20,9050.00
28/09/2011,15.70,RAL,15.70,15.80,15.30,6830.00
27/09/2011,15.60,RAL,15.60,15.80,15.30,58010.00
26/09/2011,15.70,RAL,15.70,15.70,15.50,48190.00
23/09/2011,15.60,RAL,15.60,15.70,15.60,20490.00
22/09/2011,15.80,RAL,15.60,15.80,15.60,43700.00
21/09/2011,15.70,RAL,15.50,15.90,15.50,68270.00
20/09/2011,15.60,RAL,15.60,15.70,15.60,112980.00
19/09/2011,15.60,RAL,15.30,15.60,15.00,27770.00
16/09/2011,15.30,RAL,15.30,15.90,15.30,1010.00
15/09/2011,15.80,RAL,15.80,15.90,15.60,33960.00
14/09/2011,15.80,RAL,16.50,16.50,15.80,121860.00
13/09/2011,16.20,RAL,15.60,16.20,15.50,93290.00
12/09/2011,15.50,RAL,15.60,15.70,15.40,38640.00
09/09/2011,15.60,RAL,15.70,15.80,15.40,6670.00
08/09/2011,15.70,RAL,15.80,16.00,15.60,23030.00
07/09/2011,15.50,RAL,15.70,15.90,15.50,23570.00
06/09/2011,15.30,RAL,15.50,15.50,15.30,5000.00
05/09/2011,15.70,RAL,16.00,16.00,15.40,12900.00
01/09/2011,15.80,RAL,15.70,15.90,15.70,19730.00
31/08/2011,15.60,RAL,15.70,15.70,15.60,13860.00
30/08/2011,15.70,RAL,15.80,15.80,15.30,25710.00
29/08/2011,15.50,RAL,15.20,15.50,15.20,30360.00
26/08/2011,15.10,RAL,15.00,15.20,15.00,17700.00
25/08/2011,15.10,RAL,15.00,15.20,15.00,7010.00
24/08/2011,15.10,RAL,15.50,15.50,15.10,8660.00
23/08/2011,15.30,RAL,15.10,15.40,15.10,7320.00
22/08/2011,15.40,RAL,15.30,15.50,15.20,11700.00
19/08/2011,15.10,RAL,15.20,15.30,15.10,10780.00
18/08/2011,15.40,RAL,15.00,15.70,15.00,14610.00
17/08/2011,15.30,RAL,15.50,15.50,15.20,11000.00
16/08/2011,16.60,RAL,16.40,16.80,16.40,17820.00
15/08/2011,16.40,RAL,16.50,16.70,16.40,21100.00
12/08/2011,16.50,RAL,16.30,16.80,16.20,37570.00
11/08/2011,16.10,RAL,16.20,16.20,16.00,110860.00
10/08/2011,16.00,RAL,16.20,16.20,15.90,32680.00
09/08/2011,15.90,RAL,15.90,16.00,15.80,123000.00
08/08/2011,16.10,RAL,16.10,16.30,16.00,34580.00
05/08/2011,16.00,RAL,15.90,16.10,15.90,15200.00
04/08/2011,16.20,RAL,16.10,16.20,16.00,9340.00
03/08/2011,15.90,RAL,15.70,15.90,15.50,15000.00
02/08/2011,15.70,RAL,15.90,15.90,15.70,104110.00
01/08/2011,15.90,RAL,16.10,16.10,15.90,6880.00
29/07/2011,16.00,RAL,16.20,16.20,15.90,7100.00
28/07/2011,16.20,RAL,16.40,16.40,16.20,33430.00
27/07/2011,15.90,RAL,16.00,16.00,15.90,11420.00
26/07/2011,15.90,RAL,15.90,16.00,15.90,28800.00
25/07/2011,15.90,RAL,16.00,16.10,15.90,22270.00
22/07/2011,16.00,RAL,15.90,16.10,15.90,11610.00
21/07/2011,15.90,RAL,15.90,16.00,15.80,17600.00
20/07/2011,15.90,RAL,15.80,16.10,15.80,121200.00
19/07/2011,15.80,RAL,15.80,16.00,15.80,30500.00
18/07/2011,16.00,RAL,15.90,16.00,15.90,2328.00
15/07/2011,15.80,RAL,15.80,16.10,15.70,35980.00
14/07/2011,15.70,RAL,15.70,15.90,15.60,9920.00
13/07/2011,15.70,RAL,15.50,15.80,15.50,7290.00
12/07/2011,15.50,RAL,15.80,15.90,15.50,18510.00
11/07/2011,15.80,RAL,16.00,16.00,15.80,11700.00
08/07/2011,16.00,RAL,15.80,16.20,15.80,8700.00
07/07/2011,16.00,RAL,15.80,16.20,15.80,1870.00
06/07/2011,16.20,RAL,16.00,16.20,16.00,5220.00
05/07/2011,16.30,RAL,16.20,16.30,16.00,13500.00
04/07/2011,15.80,RAL,15.60,16.00,15.50,9430.00
01/07/2011,16.00,RAL,16.20,16.50,15.40,71250.00
30/06/2011,16.20,RAL,16.20,16.20,16.10,21900.00
29/06/2011,16.20,RAL,16.30,16.30,16.10,280060.00
28/06/2011,16.10,RAL,16.30,16.30,16.10,7360.00
27/06/2011,16.50,RAL,16.40,16.50,16.40,12900.00
24/06/2011,16.50,RAL,16.40,16.60,16.30,16970.00
23/06/2011,16.40,RAL,16.50,16.50,16.40,1730.00
22/06/2011,16.40,RAL,16.80,16.80,16.30,5030.00
21/06/2011,16.50,RAL,16.40,16.80,16.40,42640.00
20/06/2011,16.40,RAL,16.10,16.40,16.10,18110.00
17/06/2011,16.40,RAL,16.90,16.90,16.20,43270.00
16/06/2011,16.90,RAL,16.90,16.90,16.50,9410.00
15/06/2011,16.40,RAL,17.00,17.00,16.40,45690.00
14/06/2011,17.20,RAL,17.40,17.80,17.00,28340.00
13/06/2011,17.40,RAL,17.20,17.60,17.20,35730.00
10/06/2011,17.50,RAL,17.00,17.60,16.90,155950.00
09/06/2011,16.80,RAL,17.00,17.00,16.80,42520.00
08/06/2011,16.70,RAL,17.00,17.10,16.70,52290.00
07/06/2011,17.20,RAL,17.10,17.20,17.00,43360.00
06/06/2011,16.70,RAL,17.00,17.00,16.60,13230.00
03/06/2011,16.70,RAL,17.30,17.30,16.70,32040.00
02/06/2011,17.30,RAL,17.00,17.30,17.00,38500.00
01/06/2011,16.90,RAL,16.30,17.00,16.30,36680.00
31/05/2011,16.30,RAL,16.50,16.50,15.90,115650.00
30/05/2011,16.10,RAL,16.40,16.80,16.10,40110.00
27/05/2011,16.40,RAL,16.40,16.40,16.20,89770.00
26/05/2011,15.70,RAL,14.70,15.70,14.60,43510.00
25/05/2011,15.00,RAL,15.10,15.30,14.70,46310.00
24/05/2011,15.30,RAL,15.70,15.70,15.30,60760.00
23/05/2011,15.70,RAL,16.10,16.10,15.50,47720.00
20/05/2011,16.10,RAL,16.20,16.70,16.00,30030.00
19/05/2011,16.50,RAL,16.70,16.80,16.40,37090.00
18/05/2011,16.80,RAL,16.50,16.80,16.50,20780.00
17/05/2011,16.90,RAL,16.90,17.20,16.80,42610.00
16/05/2011,16.90,RAL,17.20,17.20,16.80,39840.00
13/05/2011,17.20,RAL,17.20,17.30,17.10,44270.00
12/05/2011,17.30,RAL,18.00,18.00,17.30,51170.00
11/05/2011,17.30,RAL,17.00,17.50,16.90,57740.00
10/05/2011,17.40,RAL,17.60,17.90,17.40,39530.00
09/05/2011,17.30,RAL,17.10,17.30,17.00,68560.00
06/05/2011,16.50,RAL,16.50,16.70,16.50,29650.00
05/05/2011,16.50,RAL,17.30,17.30,16.50,16870.00
04/05/2011,17.10,RAL,17.20,17.60,17.00,65330.00
29/04/2011,17.00,RAL,16.60,17.00,16.40,27970.00
28/04/2011,16.40,RAL,16.50,16.80,15.80,23430.00
27/04/2011,16.20,RAL,16.30,16.50,15.60,40810.00
26/04/2011,16.40,RAL,16.50,16.50,15.90,16560.00
25/04/2011,16.50,RAL,16.40,16.50,16.30,8710.00
22/04/2011,15.90,RAL,16.00,16.50,15.70,49880.00
21/04/2011,16.00,RAL,16.20,16.50,15.90,43360.00
20/04/2011,16.70,RAL,16.90,17.00,16.60,44560.00
19/04/2011,16.60,RAL,16.60,16.90,16.40,15660.00
18/04/2011,16.60,RAL,17.00,17.00,16.60,1388.00
15/04/2011,17.10,RAL,17.40,17.60,17.10,49610.00
14/04/2011,17.40,RAL,17.40,17.60,17.40,39670.00
13/04/2011,17.40,RAL,17.60,17.60,17.40,19040.00
08/04/2011,17.50,RAL,17.20,17.50,16.80,18160.00
07/04/2011,18.60,RAL,18.70,18.70,18.50,21980.00
06/04/2011,18.70,RAL,18.40,18.70,18.30,27920.00
05/04/2011,18.20,RAL,18.20,18.30,18.20,9620.00
04/04/2011,18.30,RAL,18.30,18.60,18.20,32880.00
01/04/2011,18.30,RAL,18.60,18.70,18.30,46770.00
31/03/2011,18.40,RAL,19.00,19.00,18.30,35520.00
30/03/2011,18.80,RAL,18.50,18.90,18.40,18890.00
29/03/2011,18.90,RAL,18.80,19.20,18.70,45080.00
28/03/2011,19.20,RAL,19.40,19.80,19.20,69780.00
25/03/2011,19.20,RAL,18.70,19.20,18.40,240530.00
24/03/2011,18.30,RAL,18.20,18.30,18.20,22340.00
23/03/2011,18.30,RAL,18.00,18.40,18.00,71510.00
22/03/2011,18.00,RAL,17.90,18.30,17.90,33840.00
21/03/2011,18.30,RAL,18.50,18.70,18.20,42370.00
18/03/2011,18.30,RAL,17.90,18.40,17.90,51010.00
17/03/2011,18.00,RAL,18.60,18.60,17.70,35510.00
16/03/2011,18.20,RAL,17.80,18.20,17.80,24110.00
15/03/2011,17.90,RAL,17.80,18.50,17.50,23300.00
14/03/2011,18.20,RAL,18.50,18.70,18.20,77130.00
11/03/2011,19.10,RAL,18.50,19.10,18.50,58080.00
10/03/2011,18.20,RAL,17.60,18.20,17.60,57630.00
09/03/2011,17.40,RAL,18.00,18.10,17.10,49470.00
08/03/2011,18.00,RAL,17.70,18.20,17.70,88280.00
07/03/2011,17.70,RAL,17.80,18.40,17.70,62330.00
04/03/2011,17.90,RAL,17.90,18.10,17.40,66890.00
03/03/2011,18.10,RAL,19.00,19.00,18.10,41760.00
02/03/2011,19.00,RAL,19.10,19.40,19.00,69250.00
01/03/2011,20.00,RAL,20.00,20.40,19.90,116010.00
28/02/2011,20.00,RAL,19.50,20.10,19.50,233940.00
25/02/2011,19.20,RAL,19.00,19.20,19.00,16890.00
24/02/2011,18.90,RAL,19.30,19.30,18.40,121530.00
23/02/2011,19.30,RAL,19.00,19.70,18.80,76180.00
22/02/2011,18.80,RAL,18.80,19.20,18.80,99410.00
21/02/2011,19.70,RAL,20.00,20.00,19.70,68330.00
18/02/2011,20.70,RAL,21.20,21.30,20.60,68980.00
17/02/2011,21.00,RAL,20.70,21.10,20.60,36440.00
16/02/2011,21.10,RAL,21.00,21.50,21.00,31980.00
15/02/2011,21.30,RAL,21.50,21.50,21.00,34760.00
14/02/2011,21.30,RAL,21.00,21.50,21.00,95940.00
11/02/2011,21.40,RAL,21.70,21.90,21.30,25350.00
10/02/2011,21.50,RAL,22.00,22.20,21.50,46880.00
09/02/2011,22.00,RAL,22.40,22.40,22.00,70630.00
08/02/2011,22.30,RAL,22.50,22.60,22.30,33210.00
28/01/2011,22.50,RAL,22.70,22.80,22.40,36370.00
27/01/2011,22.90,RAL,22.30,23.40,22.30,26330.00
26/01/2011,22.90,RAL,23.90,24.00,22.70,33170.00
25/01/2011,23.10,RAL,23.00,23.40,22.30,89310.00
24/01/2011,22.30,RAL,22.80,23.00,22.30,162670.00
21/01/2011,23.00,RAL,23.90,24.00,22.90,50510.00
20/01/2011,23.90,RAL,24.20,24.20,23.40,41550.00
19/01/2011,24.30,RAL,25.30,25.30,24.00,82400.00
18/01/2011,24.30,RAL,24.50,25.50,24.00,637280.00
17/01/2011,24.30,RAL,24.30,24.30,24.30,77270.00
14/01/2011,23.20,RAL,23.20,23.20,23.20,19600.00
13/01/2011,22.10,RAL,22.10,22.10,22.10,13820.00
12/01/2011,21.10,RAL,20.50,21.10,20.50,22730.00
11/01/2011,20.10,RAL,20.60,20.60,20.10,10900.00
10/01/2011,21.00,RAL,20.80,21.20,20.80,28270.00
07/01/2011,21.50,RAL,21.00,22.00,21.00,78290.00
06/01/2011,21.60,RAL,21.70,22.00,21.60,24720.00
05/01/2011,21.70,RAL,21.90,22.00,21.30,18130.00
04/01/2011,21.90,RAL,22.00,22.10,21.50,9210.00
31/12/2010,21.50,RAL,21.10,21.80,20.90,25890.00
30/12/2010,21.50,RAL,21.50,22.00,21.40,29190.00
29/12/2010,22.10,RAL,22.20,22.40,22.00,5820.00
28/12/2010,22.20,RAL,21.70,22.40,21.20,34500.00
27/12/2010,21.50,RAL,21.30,21.50,20.50,8080.00
24/12/2010,21.00,RAL,20.80,21.10,20.50,21060.00
23/12/2010,20.80,RAL,21.60,21.60,20.80,24080.00
22/12/2010,21.70,RAL,21.70,21.70,21.10,60220.00
21/12/2010,21.70,RAL,21.20,22.00,20.30,40750.00
20/12/2010,21.30,RAL,21.50,22.00,21.00,55150.00
17/12/2010,21.50,RAL,21.50,21.50,20.30,92960.00
16/12/2010,20.90,RAL,21.00,21.10,20.90,142500.00
15/12/2010,22.00,RAL,22.60,23.10,22.00,73440.00
14/12/2010,23.10,RAL,23.60,24.10,23.10,141170.00
13/12/2010,24.30,RAL,24.20,24.40,24.00,165630.00
10/12/2010,23.30,RAL,22.90,23.40,22.40,116240.00
09/12/2010,22.90,RAL,21.60,23.20,21.20,60610.00
08/12/2010,22.10,RAL,23.00,23.20,22.10,157260.00
07/12/2010,23.20,RAL,23.10,23.20,22.80,325070.00
06/12/2010,22.10,RAL,22.10,22.10,22.00,137820.00
03/12/2010,21.10,RAL,21.10,21.10,21.10,82080.00
02/12/2010,20.10,RAL,19.00,20.10,19.00,154480.00
01/12/2010,19.20,RAL,19.20,20.40,19.20,48700.00
30/11/2010,19.60,RAL,19.60,19.60,19.40,72790.00
29/11/2010,18.70,RAL,18.50,18.70,18.20,41540.00
26/11/2010,18.60,RAL,18.60,18.70,18.20,27350.00
25/11/2010,18.40,RAL,17.90,18.40,17.90,75770.00
24/11/2010,17.60,RAL,17.00,17.70,17.00,34870.00
23/11/2010,17.10,RAL,17.20,17.40,17.10,26910.00
22/11/2010,17.10,RAL,17.30,17.30,17.00,44910.00
19/11/2010,17.50,RAL,18.30,18.30,17.50,27250.00
18/11/2010,18.00,RAL,18.00,18.10,17.80,20450.00
17/11/2010,17.40,RAL,18.00,18.00,17.40,16910.00
16/11/2010,17.50,RAL,18.00,18.00,17.50,10050.00
15/11/2010,18.20,RAL,18.90,18.90,18.20,10800.00
12/11/2010,18.90,RAL,19.60,19.70,18.90,59960.00
11/11/2010,19.80,RAL,20.60,20.60,19.80,21320.00
10/11/2010,20.10,RAL,20.10,20.10,20.00,13030.00
09/11/2010,20.10,RAL,20.30,20.40,20.00,43220.00
08/11/2010,20.60,RAL,20.50,20.70,20.40,20350.00
05/11/2010,20.60,RAL,20.80,21.00,20.60,18170.00
04/11/2010,20.50,RAL,20.20,20.50,20.20,26420.00
03/11/2010,20.20,RAL,20.30,20.30,20.20,39060.00
02/11/2010,20.30,RAL,20.30,20.70,20.30,28640.00
01/11/2010,20.40,RAL,20.60,20.70,20.40,27910.00
29/10/2010,20.50,RAL,20.70,20.90,20.50,47380.00
28/10/2010,20.20,RAL,20.50,20.50,20.20,8680.00
27/10/2010,20.20,RAL,20.70,20.70,20.20,17560.00
26/10/2010,20.70,RAL,19.90,21.30,19.90,33480.00
25/10/2010,20.40,RAL,20.30,20.40,19.90,20540.00
22/10/2010,20.20,RAL,20.20,21.20,20.00,52110.00
21/10/2010,20.70,RAL,20.50,20.90,20.20,46500.00
20/10/2010,20.10,RAL,21.00,21.00,20.00,45200.00
19/10/2010,21.00,RAL,21.80,22.00,21.00,44630.00
18/10/2010,22.10,RAL,22.90,22.90,22.00,24100.00
15/10/2010,22.00,RAL,21.70,22.10,21.60,56400.00
14/10/2010,22.00,RAL,22.10,22.30,21.70,33360.00
13/10/2010,21.60,RAL,21.90,22.00,21.60,30810.00
12/10/2010,21.70,RAL,21.80,22.20,21.50,29010.00
11/10/2010,22.00,RAL,22.20,22.20,21.90,16000.00
08/10/2010,21.60,RAL,21.70,21.70,21.40,9350.00
07/10/2010,21.60,RAL,21.50,22.20,21.50,33280.00
06/10/2010,21.90,RAL,22.00,22.00,21.50,25790.00
05/10/2010,21.40,RAL,21.40,21.40,21.30,14480.00
04/10/2010,21.40,RAL,22.10,22.10,21.30,47060.00
01/10/2010,22.40,RAL,22.50,22.50,22.40,20600.00
30/09/2010,22.50,RAL,22.20,22.60,22.20,42600.00
29/09/2010,22.50,RAL,22.80,22.90,22.50,35200.00
28/09/2010,22.80,RAL,22.90,23.10,22.80,26300.00
27/09/2010,22.90,RAL,23.00,23.30,22.70,14590.00
24/09/2010,22.90,RAL,23.00,23.00,22.50,20990.00
23/09/2010,22.90,RAL,22.90,23.00,22.50,67600.00
22/09/2010,23.00,RAL,22.90,23.20,22.90,79530.00
21/09/2010,22.90,RAL,23.00,23.30,22.90,96090.00
20/09/2010,23.30,RAL,22.90,23.40,22.90,66550.00
17/09/2010,22.90,RAL,22.40,22.90,22.20,53460.00
16/09/2010,22.10,RAL,22.10,22.20,22.00,27130.00
15/09/2010,22.00,RAL,22.50,22.60,22.00,43220.00
14/09/2010,22.50,RAL,22.50,22.60,22.00,29080.00
13/09/2010,22.00,RAL,22.80,22.80,21.80,81420.00
10/09/2010,22.80,RAL,24.00,24.00,22.80,68970.00
09/09/2010,24.00,RAL,23.70,24.00,23.50,54220.00
08/09/2010,23.50,RAL,23.20,23.80,23.10,53650.00
07/09/2010,23.80,RAL,23.70,24.30,23.40,98500.00
06/09/2010,24.10,RAL,23.50,24.20,23.50,94940.00
01/09/2010,23.10,RAL,23.00,23.20,22.80,47230.00
31/08/2010,23.00,RAL,22.40,23.10,22.00,113180.00
30/08/2010,22.00,RAL,21.90,22.00,21.90,54210.00
27/08/2010,21.00,RAL,21.00,21.20,20.40,53530.00
26/08/2010,21.00,RAL,21.00,21.20,20.30,60980.00
25/08/2010,20.90,RAL,21.20,21.50,20.90,150580.00
24/08/2010,21.90,RAL,22.60,22.60,21.90,135010.00
23/08/2010,23.00,RAL,24.00,24.00,23.00,40500.00
20/08/2010,24.00,RAL,24.00,24.20,23.50,88310.00
19/08/2010,24.50,RAL,24.70,24.80,24.50,58940.00
18/08/2010,24.70,RAL,24.90,25.00,24.40,97720.00
17/08/2010,25.50,RAL,25.50,25.60,24.80,40440.00
16/08/2010,25.50,RAL,24.90,25.50,24.40,170180.00
13/08/2010,24.30,RAL,23.60,24.30,23.10,168920.00
12/08/2010,23.60,RAL,24.30,24.40,23.60,85220.00
11/08/2010,24.80,RAL,24.40,24.80,24.30,80210.00
10/08/2010,24.40,RAL,25.00,25.80,24.20,275920.00
09/08/2010,25.40,RAL,26.40,26.40,25.10,115080.00
06/08/2010,26.40,RAL,26.70,26.90,26.40,44150.00
05/08/2010,26.80,RAL,26.70,27.00,26.50,44810.00
04/08/2010,26.70,RAL,27.00,27.00,26.20,51680.00
03/08/2010,27.00,RAL,27.10,27.50,27.00,58910.00
02/08/2010,27.00,RAL,26.90,27.50,26.90,31540.00
30/07/2010,26.90,RAL,26.90,27.80,26.90,51920.00
29/07/2010,26.90,RAL,27.00,27.20,26.50,160170.00
28/07/2010,27.20,RAL,28.00,28.00,27.20,78820.00
27/07/2010,28.00,RAL,28.70,28.70,28.00,59580.00
26/07/2010,28.40,RAL,28.90,29.00,28.40,44200.00
23/07/2010,28.40,RAL,29.10,29.10,28.40,96980.00
22/07/2010,28.50,RAL,28.80,30.00,28.50,82190.00
21/07/2010,28.90,RAL,29.30,29.40,28.90,68320.00
20/07/2010,29.30,RAL,29.10,29.40,29.10,142870.00
19/07/2010,29.10,RAL,28.70,29.40,28.70,87720.00
16/07/2010,29.00,RAL,29.10,29.40,28.90,68390.00
15/07/2010,29.00,RAL,29.60,29.80,29.00,78050.00
14/07/2010,29.60,RAL,30.20,30.30,29.60,223790.00
13/07/2010,29.90,RAL,29.50,30.10,29.30,137590.00
12/07/2010,28.80,RAL,29.00,29.00,28.60,102320.00
09/07/2010,28.80,RAL,28.80,29.00,28.80,131190.00
08/07/2010,28.80,RAL,28.50,28.90,28.50,190320.00
07/07/2010,28.50,RAL,29.10,29.60,28.50,93950.00
06/07/2010,29.40,RAL,29.00,30.00,29.00,131750.00
05/07/2010,30.30,RAL,29.50,30.40,29.50,522100.00
02/07/2010,29.00,RAL,28.30,29.00,28.00,287720.00
01/07/2010,28.30,RAL,28.20,28.50,27.60,164020.00
30/06/2010,28.30,RAL,28.00,28.50,28.00,72840.00
29/06/2010,28.70,RAL,29.20,29.20,28.70,75610.00
28/06/2010,29.10,RAL,30.20,30.30,29.00,181860.00
25/06/2010,29.50,RAL,28.20,29.50,28.20,772260.00
24/06/2010,28.10,RAL,28.40,28.50,28.10,79840.00
23/06/2010,28.10,RAL,27.80,28.30,27.80,49920.00
22/06/2010,28.30,RAL,28.30,28.80,28.30,114690.00
21/06/2010,28.30,RAL,28.30,28.90,28.30,65790.00
18/06/2010,28.00,RAL,28.00,28.10,27.90,76640.00
17/06/2010,27.90,RAL,27.90,28.00,27.80,77020.00
16/06/2010,28.00,RAL,28.40,28.40,27.70,66100.00
15/06/2010,27.80,RAL,27.70,28.20,27.70,64010.00
14/06/2010,27.90,RAL,27.90,28.00,27.80,56570.00
11/06/2010,27.90,RAL,28.00,28.30,26.40,125470.00
10/06/2010,27.70,RAL,28.20,28.20,27.30,66890.00
09/06/2010,27.60,RAL,27.90,27.90,27.20,116490.00
08/06/2010,27.60,RAL,27.10,27.60,27.10,81600.00
07/06/2010,27.50,RAL,27.70,27.90,27.30,156550.00
04/06/2010,28.30,RAL,29.00,29.00,28.20,93720.00
03/06/2010,28.80,RAL,28.10,28.80,27.80,369970.00
02/06/2010,27.50,RAL,27.10,27.50,27.00,89690.00
01/06/2010,27.20,RAL,27.10,27.80,27.00,70870.00
31/05/2010,27.50,RAL,28.30,28.30,27.50,69790.00
28/05/2010,28.30,RAL,27.90,28.30,27.50,269200.00
27/05/2010,27.00,RAL,27.00,27.00,26.70,71580.00
26/05/2010,27.00,RAL,26.80,27.00,26.50,134810.00
25/05/2010,26.40,RAL,26.90,26.90,26.20,110500.00
24/05/2010,26.40,RAL,27.00,27.00,26.00,83610.00
21/05/2010,26.30,RAL,26.70,27.00,26.30,337590.00
20/05/2010,27.60,RAL,26.20,27.60,26.20,79930.00
19/05/2010,27.10,RAL,27.60,27.60,27.00,202610.00
18/05/2010,28.20,RAL,28.30,28.60,28.00,137140.00
17/05/2010,28.60,RAL,29.40,29.40,28.00,101050.00
14/05/2010,29.40,RAL,29.20,29.50,29.00,88450.00
13/05/2010,29.10,RAL,29.10,29.60,28.80,141120.00
12/05/2010,29.10,RAL,30.00,30.40,29.10,150150.00
11/05/2010,30.40,RAL,31.00,31.00,30.00,278070.00
10/05/2010,30.20,RAL,31.00,32.00,30.10,238090.00
07/05/2010,31.10,RAL,31.70,32.00,30.70,330750.00
06/05/2010,32.30,RAL,32.60,33.00,31.70,490160.00
05/05/2010,33.30,RAL,34.20,34.90,33.30,267730.00
04/05/2010,34.20,RAL,33.50,34.20,33.20,446370.00
29/04/2010,32.60,RAL,32.70,32.90,32.10,275010.00
28/04/2010,31.80,RAL,32.40,32.40,31.70,204960.00
27/04/2010,32.00,RAL,31.50,32.20,31.50,237000.00
26/04/2010,31.50,RAL,32.00,32.20,31.00,166540.00
22/04/2010,31.80,RAL,32.00,32.60,31.80,310100.00
21/04/2010,31.90,RAL,33.10,33.10,31.80,131890.00
20/04/2010,32.50,RAL,31.90,32.50,31.50,457740.00
19/04/2010,31.00,RAL,30.70,31.80,30.40,363320.00
16/04/2010,30.30,RAL,31.00,31.00,30.30,224770.00
15/04/2010,30.70,RAL,30.20,30.90,29.80,170310.00
14/04/2010,29.60,RAL,30.40,30.40,29.20,149180.00
13/04/2010,29.30,RAL,29.60,29.70,29.30,146360.00
12/04/2010,30.10,RAL,31.30,31.30,29.80,99120.00
09/04/2010,31.00,RAL,31.00,31.50,30.60,270530.00
08/04/2010,31.90,RAL,31.80,31.90,31.20,656950.00
07/04/2010,30.40,RAL,29.10,30.40,29.10,371290.00
06/04/2010,29.00,RAL,28.60,29.50,28.60,156370.00
05/04/2010,28.80,RAL,29.20,29.20,28.60,79070.00
02/04/2010,29.20,RAL,29.40,29.50,29.00,101300.00
01/04/2010,29.40,RAL,28.90,29.40,28.40,48360.00
31/03/2010,28.90,RAL,29.00,29.50,28.00,80300.00
30/03/2010,29.20,RAL,29.60,29.60,29.10,109600.00
29/03/2010,29.60,RAL,29.50,29.70,29.00,115890.00
26/03/2010,28.70,RAL,29.20,29.20,28.20,50950.00
25/03/2010,28.80,RAL,29.30,29.80,28.50,155550.00
24/03/2010,29.90,RAL,28.70,29.90,28.70,185700.00
23/03/2010,28.50,RAL,28.50,29.50,28.50,103190.00
22/03/2010,28.70,RAL,28.50,28.80,28.40,68540.00
19/03/2010,28.40,RAL,28.80,28.80,28.30,76250.00
18/03/2010,28.80,RAL,29.00,29.00,28.20,76500.00
17/03/2010,28.50,RAL,28.90,29.00,28.40,89690.00
16/03/2010,28.70,RAL,29.50,30.00,28.70,102340.00
15/03/2010,30.20,RAL,30.20,30.60,29.30,290760.00
12/03/2010,29.20,RAL,29.90,29.90,28.90,75320.00
11/03/2010,29.00,RAL,30.00,30.00,28.90,73090.00
10/03/2010,29.30,RAL,29.70,29.90,29.30,96790.00
09/03/2010,30.00,RAL,30.60,30.60,30.00,59870.00
08/03/2010,30.60,RAL,29.80,30.60,29.50,342860.00
05/03/2010,29.20,RAL,29.00,29.30,28.70,117920.00
04/03/2010,29.00,RAL,28.60,29.50,28.60,145970.00
03/03/2010,28.30,RAL,27.90,28.50,27.60,107290.00
02/03/2010,27.60,RAL,27.50,28.00,27.40,37600.00
01/03/2010,27.50,RAL,27.40,28.00,27.40,31510.00
26/02/2010,27.40,RAL,27.40,27.40,27.10,22740.00
25/02/2010,27.40,RAL,27.40,27.50,27.30,18350.00
24/02/2010,27.40,RAL,27.10,27.50,27.00,18500.00
23/02/2010,27.10,RAL,27.30,28.00,27.10,71790.00
22/02/2010,27.40,RAL,28.20,28.20,27.40,27640.00
12/02/2010,27.50,RAL,27.50,28.20,27.40,27610.00
11/02/2010,27.30,RAL,26.90,27.30,26.90,30260.00
10/02/2010,27.00,RAL,27.00,27.30,26.60,38420.00
09/02/2010,26.60,RAL,27.20,27.20,26.40,115450.00
08/02/2010,27.10,RAL,27.20,27.30,27.10,23220.00
05/02/2010,27.20,RAL,27.50,27.80,27.00,72950.00
04/02/2010,27.90,RAL,27.50,28.00,27.50,67170.00
03/02/2010,27.50,RAL,27.20,27.90,27.20,49010.00
02/02/2010,27.10,RAL,27.50,27.50,27.00,54470.00
01/02/2010,27.20,RAL,26.20,27.70,26.20,25400.00
29/01/2010,27.20,RAL,27.60,27.70,26.50,53450.00
28/01/2010,27.20,RAL,27.60,27.70,27.20,66930.00
27/01/2010,28.50,RAL,28.50,29.00,28.00,59840.00
26/01/2010,29.40,RAL,28.00,29.40,28.00,131690.00
25/01/2010,28.00,RAL,28.00,28.10,27.60,59410.00
22/01/2010,27.60,RAL,26.00,27.60,26.00,129960.00
21/01/2010,26.50,RAL,27.50,27.90,26.40,149860.00
20/01/2010,27.50,RAL,29.00,29.00,27.40,150820.00
19/01/2010,28.40,RAL,28.00,28.40,27.80,153840.00
18/01/2010,27.50,RAL,28.90,29.00,27.50,136870.00
15/01/2010,28.90,RAL,29.00,29.40,28.70,116260.00
14/01/2010,29.70,RAL,31.00,31.20,29.70,227290.00
13/01/2010,31.10,RAL,29.00,31.10,28.30,416810.00
12/01/2010,29.70,RAL,30.70,31.40,29.70,303710.00
11/01/2010,31.20,RAL,32.50,32.50,31.20,212360.00
08/01/2010,32.80,RAL,34.80,35.00,32.80,250780.00
07/01/2010,34.50,RAL,33.00,34.60,32.50,580640.00
06/01/2010,33.00,RAL,30.10,33.00,30.10,1156910.00
05/01/2010,31.50,RAL,31.50,31.50,31.50,66060.00
04/01/2010,30.00,RAL,29.80,30.00,29.60,118010.00
